"Author","Article","weight"
"100009","1154168",1
"1000663","1553101",1
"1000667","1330243",1
"1001381","1296023",1
"1001381","1692537",1
"1001531","1122876",1
"100258","1550952",2
"1003154","1336045",1
"1003168","1450445",1
"1003168","1594386",1
"1005321","1576189",1
"1005321","1576190",1
"1005401","1121003",1
"100574","1485175",1
"100574","1580219",2
"1006154","1125065",1
"1007261","1592837",1
"1007261","1592863",1
"1007261","1592902",1
"1007261","1592903",1
"1007978","1526088",1
"1008","1148682",1
"100809","1594870",2
"1010074","1599077",1
"1010966","1120845",1
"1012481","1634299",1
"1015136","1330243",2
"1015505","1117204",1
"101581","1263682",2
"1019085","1326021",1
"1019085","1339002",1
"1019085","1472068",1
"1019085","1595157",1
"1021034","1706942",1
"1021034","1719768",1
"1022489","1580060",1
"102259","1622823",2
"1023117","1133933",1
"102402","1148682",1
"102412","1615224",2
"1025352","1146649",1
"1025352","1148403",1
"1025905","1708022",1
"1026062","1135307",1
"1026637","1705344",1
"102770","1475042",2
"1028368","1574846",1
"1028368","1628331",1
"1029949","1328334",1
"1029949","1403091",1
"1030386","1137830",1
"1030827","1138630",1
"1031557","1138244",1
"1031711","1130262",1
"1032728","1508840",1
"103308","1578739",1
"1033319","1135984",2
"1033319","1136002",1
"1035150","1140036",1
"1037441","1141435",1
"1037480","1141501",1
"1037491","1141525",1
"1037506","1615955",3
"1037673","1554204",1
"1038417","1127052",1
"1039977","1678713",1
"104019","1548437",2
"1040689","1143211",1
"1040689","1536165",1
"1040705","1143211",1
"1041106","1351888",1
"1041106","1562572",1
"1042066","1331317",1
"1042066","1372214",2
"1042069","1605149",1
"1042184","1159677",1
"1042453","1144346",1
"1043065","1144788",1
"1043065","1450539",1
"1043672","1162275",1
"104408","1449856",1
"104408","1664990",1
"104475","1112064",2
"1045203","1239626",1
"1045203","1503908",1
"1045203","1681169",1
"104799","1115507",1
"104799","1147303",1
"1050015","1542688",1
"1050030","1536165",1
"105013","1069906",1
"105013","1302488",3
"105013","1507930",5
"1051445","1298646",1
"1051644","1726041",1
"1051869","1148013",1
"1051873","1493050",1
"105212","1536426",1
"1052260","1148331",1
"1052657","1148682",1
"1052657","1349218",1
"1052657","1351765",1
"1052657","1590147",1
"1052657","1590148",1
"1052657","1647178",1
"1052657","1647664",1
"1052657","1679750",1
"105331","1450574",1
"1053678","1449156",1
"105373","1332403",4
"1055174","1394144",1
"1055174","1394146",1
"105603","1264883",1
"105603","1296733",1
"105603","1349357",1
"105603","1354677",1
"105603","1392211",1
"105603","1501144",2
"105603","1507291",1
"105603","1561229",1
"105603","1574342",1
"105603","1619819",1
"105603","1625829",3
"105603","1670930",2
"1056638","1151703",1
"1056638","1194502",1
"1057551","1223727",1
"1057551","1433513",1
"1057551","1618761",1
"1058129","1331317",2
"105933","1657951",1
"1060393","1154561",1
"1060508","1127052",1
"1060508","1427590",1
"1060843","1158269",1
"1061452","1565301",1
"1061454","1155363",1
"1061940","1155677",1
"1061941","1155679",1
"1062018","1582359",1
"1062043","1641668",1
"1062704","1156231",1
"1064954","1157220",1
"1064955","1157221",1
"1065112","1641123",1
"1065291","1642400",1
"1065600","1612877",1
"1065827","1575936",1
"106601","1597361",1
"1066688","1158279",1
"1067126","1160367",1
"1067396","1158877",1
"1068914","1437273",1
"1069161","1674281",1
"1069603","1257942",1
"1070000","1657951",1
"1070002","1469795",1
"1070408","1357525",1
"1072274","1485175",1
"1072274","1580219",1
"1072329","1136549",2
"1072329","1202882",2
"1072485","1163046",1
"1073612","1268432",1
"1073612","1336045",2
"1073612","1437002",1
"1073612","1545103",2
"1073612","1683523",1
"1074194","1596065",1
"1074395","1574467",1
"1075894","1173523",1
"1075902","1173563",1
"107628","1556164",1
"1076796","1166283",1
"1077561","1447896",1
"107788","1010360",1
"1078423","1305608",1
"1079862","1206322",1
"1082173","1313619",1
"1082728","1545892",1
"1082843","1431877",1
"1083135","1610315",1
"1083854","1724629",1
"1084864","1710828",1
"1084864","1714825",1
"1086779","1378063",1
"1087149","1533860",1
"1087251","1227883",1
"1087429","1564795",1
"1088078","1293291",1
"1088219","1224653",1
"108866","1574162",1
"1088901","1227883",1
"1089755","1231924",1
"1092089","1548961",1
"1092541","1520105",1
"1093343","1553809",1
"1093458","1314104",1
"1093458","1555845",1
"1093791","1308454",1
"1093791","1328628",2
"109497","1525013",2
"1095","1260047",1
"1095085","1157222",1
"1095524","1259215",1
"1095734","1359623",1
"1096515","1507307",1
"1097616","1317086",2
"1097686","1260804",1
"1098072","1261192",2
"1098072","1261194",1
"109911","1553005",2
"109912","924490",1
"1100033","1595157",1
"1100678","1262921",1
"1101621","1263579",1
"1101750","1672062",1
"1102183","1427590",1
"1104144","1575918",1
"1104327","1265642",1
"1104732","1693772",1
"1105058","1525681",1
"110677","1011230",1
"110677","876962",1
"1106855","1120810",3
"1106855","1136549",2
"1106855","1271772",1
"1106855","1271773",1
"1106855","1271775",1
"1106855","1308985",1
"1106855","1308996",1
"1106862","1311622",1
"1107794","1256380",2
"1107794","1264883",1
"1107794","1268445",1
"1107794","1296733",1
"1107794","1349357",1
"1107794","1354677",1
"1107794","1392211",2
"1107794","1398462",1
"1107794","1501144",1
"1107794","1526872",2
"1107794","1543482",2
"1107794","1625829",1
"1108666","1555552",1
"1109583","1288573",1
"1109583","1288584",1
"1109583","1297927",1
"1109583","1297928",1
"1109583","1297930",1
"1109583","1297958",1
"1109583","1489341",1
"1110541","1279584",1
"111067","1552084",1
"1111185","1274788",1
"1111185","1311687",1
"1111205","1642196",1
"1113264","1553005",1
"1114461","1581555",1
"1114477","1555722",2
"1114529","1274963",1
"1122122","1654008",1
"1122675","1721062",1
"112343","1642735",1
"112357","1552174",1
"1124595","1296825",1
"1124595","1296837",1
"112517","1433779",1
"1125975","1297930",1
"1125977","1302925",1
"1126872","1485694",1
"1128140","1278007",1
"1128380","1305273",1
"1128380","1666493",1
"1128445","1591963",1
"1128921","1546247",1
"1130336","1280024",1
"1130467","1280084",1
"1130835","1088202",1
"1130835","1127871",2
"1130835","1576639",3
"1130835","1576664",5
"1130835","1576672",1
"1130835","1618890",3
"1131106","1280084",1
"1131120","1280084",1
"113235","1121052",1
"1132366","1336045",1
"1132366","1396375",2
"1132366","1437002",1
"113259","1120810",1
"113259","1508165",1
"113378","1202882",2
"113378","1567517",1
"113378","920858",1
"113378","920866",1
"113378","920879",1
"113378","920882",1
"113378","920900",1
"113378","920902",1
"113378","920943",1
"1134038","1451646",1
"1134540","1625773",1
"1134783","1702463",1
"1135869","1551652",1
"1136413","1288810",1
"1136413","1292110",1
"1137098","1452074",2
"113731","1578850",1
"113741","1317086",2
"1138325","1286525",1
"113890","1542897",1
"1138992","1287241",1
"1138992","1368398",1
"1139352","1287161",1
"1139354","1287203",1
"113949","978773",1
"1139549","1594222",1
"1139549","1594260",1
"1139549","1594269",1
"1139682","1580433",1
"1140053","1302488",2
"1140715","1537782",1
"1140918","1483790",2
"114295","1572438",1
"114295","1572464",1
"114295","1572478",1
"114295","1572492",1
"114295","1572533",1
"114295","1572539",1
"114299","1682133",1
"1145517","1683523",2
"1145588","1578668",1
"1145772","1572113",1
"1146543","1292594",1
"1146737","1331317",1
"1147116","1292357",1
"1147339","1293288",1
"1147339","1565967",1
"114791","1343988",1
"114791","1344029",1
"114791","1344069",3
"114791","1344086",3
"1147966","1450512",1
"1147966","1644732",1
"114994","1006805",1
"114994","1092933",1
"114994","1148682",2
"114994","1245270",2
"114994","1347949",3
"114994","1625773",1
"114994","976864",2
"114994","986191",1
"1150207","1650359",1
"115032","1396754",2
"1151009","1293288",2
"115127","1691235",1
"1151770","1306733",2
"1152704","1436501",1
"115273","1507930",1
"1153485","1299204",1
"1154340","1301766",1
"1154340","1515864",1
"1154409","1299987",1
"1154409","1299991",5
"1154409","1300028",1
"1154526","1311532",1
"1154649","1300174",1
"1155385","1298601",1
"1155790","1265529",1
"1155790","1270637",1
"1155790","1332403",1
"115633","1312941",1
"1156884","1301902",1
"1156884","1303015",3
"1156884","1303247",1
"1156884","1303250",1
"1157250","1592584",1
"1157250","1616918",1
"1157250","1658829",1
"1157500","1565309",1
"1157605","1599420",1
"115785","1591963",1
"1158949","1303514",1
"1158955","1303514",1
"1159094","1396754",2
"1159094","1616237",5
"1159094","1616255",6
"1159094","1676414",2
"1159094","1677965",2
"1159924","1299727",1
"1160013","1552096",1
"116066","1298603",1
"116077","1292357",1
"116077","1444919",1
"116077","1567618",1
"116092","918042",1
"1161182","1134123",2
"116149","918042",1
"1161661","1360981",1
"116192","1475042",2
"116288","1153143",1
"1163687","1576108",1
"1164231","1372214",1
"1164768","1331317",1
"1164768","1345353",2
"1164768","1372214",1
"1164832","1307808",1
"1164837","1307808",1
"1165064","1308262",1
"1165064","1308290",1
"1165064","1391725",1
"1165064","1462518",1
"1165064","1486224",1
"1165064","1493509",1
"1165064","1510469",1
"1165064","1521142",1
"1165064","1522457",1
"1165064","1536195",1
"1165064","1570171",1
"1165064","1576664",2
"1165064","1589021",1
"1165064","1595381",1
"1165064","1621079",1
"1165064","1649014",1
"1165064","1689722",1
"1165064","1722268",1
"1165301","1308168",1
"1165303","1308168",1
"1165507","1308289",1
"1165507","1596774",1
"1165735","1308454",1
"1166502","1308985",1
"1167774","1309885",1
"1168349","1508841",1
"1169802","1550593",1
"1170942","1708485",1
"1173239","1623451",1
"1173239","1623464",1
"1173239","1623469",1
"1173239","1623470",1
"1173239","1623472",1
"1173239","1623474",1
"1173239","1623481",1
"1173239","1623509",1
"1173239","1623513",1
"1173546","1611673",1
"1173546","1611719",1
"1173546","1611724",1
"1173546","1611740",1
"1173546","1641604",1
"1173546","1641605",1
"1173546","1647361",1
"1173546","1647362",1
"1173546","1666871",1
"1173546","1666882",1
"1173546","1666892",1
"1173546","1708485",1
"1174048","1480291",1
"1174834","1578567",1
"1175097","1572441",1
"1175097","1582359",1
"1175609","1475042",1
"1175790","1298646",1
"1175799","1298617",1
"1175810","1298601",1
"1175820","1298574",1
"1175831","1298492",1
"1175832","1298492",1
"1175834","1298492",1
"1175961","1369831",1
"1176241","1580316",1
"1177327","1591806",1
"1178210","1684382",1
"1178515","1398047",1
"1178515","1398069",1
"1178515","1515466",1
"1178828","1317155",1
"117913","1561229",1
"117913","1574342",1
"117913","1579705",1
"117913","1583985",1
"117913","1616255",1
"117913","1625829",1
"1180121","1319402",1
"1180447","1650605",1
"1180712","1574342",1
"1180712","1583985",1
"1180994","1575357",1
"1180994","1575359",1
"1180994","1575368",1
"1180994","1575382",1
"1180994","1575383",1
"1181005","1596025",1
"1181989","1305967",1
"1182152","1565308",1
"1182298","1671677",1
"118240","1724726",1
"118240","1724817",1
"118240","1725551",1
"118240","1726078",1
"118240","1726442",1
"118240","1727699",1
"118240","1728960",1
"118240","1728961",1
"118240","1728974",1
"1183209","1513737",1
"1183289","1322066",1
"1183290","1322066",1
"1183297","1319835",1
"1183298","1319835",1
"118528","1332403",1
"118528","1437273",1
"118528","1485175",2
"1186248","1404574",1
"1186329","1324174",1
"1186329","1356091",1
"1186329","1367382",1
"1186329","1397210",1
"1186329","1450455",1
"1186329","1452775",1
"1186329","1587015",1
"1186329","1655224",1
"1186597","1324555",1
"118680","1502801",1
"1188138","1549869",1
"118844","1112111",1
"1190184","1337930",1
"1190695","1433513",3
"1190695","1619819",1
"119080","1306733",3
"119080","1396754",1
"119080","1690513",1
"119080","1725533",1
"1191097","1328334",1
"1191099","1328334",1
"1191101","1328334",1
"1191201","1328334",1
"1191203","1328334",1
"1191414","1571774",1
"1191416","1657486",1
"1191828","1329029",1
"1191828","1512491",1
"1191918","1329111",1
"119209","1579773",2
"119223","1626026",2
"119225","1542897",1
"1193585","1436584",1
"1193585","1708504",1
"1194382","1640489",1
"1194382","1679772",1
"1194431","1711261",1
"1195469","1336045",2
"1195469","1396375",1
"1195469","1427590",1
"1195469","1535351",1
"1196910","1270637",1
"1196910","1353824",1
"1196910","1353862",1
"1196910","1472068",1
"1196910","1569990",1
"1196910","1724892",1
"1198112","1552174",1
"1198223","1334051",1
"1198851","1650609",1
"1198952","1270637",1
"1198952","1334382",2
"1199635","1650607",1
"1201912","1642323",1
"1201944","1443769",1
"1201944","1487068",1
"1203379","1338026",1
"1203714","1338653",1
"1203714","1665196",1
"1203883","1338024",1
"1203883","1650623",1
"1204153","1373622",1
"1204328","1715465",1
"1204926","1572441",1
"1206219","1674117",1
"1206789","1510512",1
"1207122","1359801",1
"1207715","1551756",2
"1207715","1653895",1
"1207719","1548961",1
"1207719","1548967",1
"1207719","1548969",1
"1207719","1549003",1
"1207959","1351612",1
"1208103","1553005",2
"1208260","1700502",1
"1211285","1471569",1
"1211435","1683974",1
"1211504","1345353",1
"1211705","1452064",1
"1211894","1359885",1
"1211894","1393315",1
"1211894","1553793",1
"1211894","1617997",1
"1213","1011230",1
"1213","876962",1
"1213447","1346906",1
"1213461","1346910",1
"1213462","1346910",1
"1213466","1346910",1
"1213467","1346910",1
"1213470","1346910",1
"1213479","1525681",2
"1213567","1346967",1
"1213572","1346967",1
"1213596","1346967",1
"1213606","1346978",1
"1213610","1346978",1
"1213612","1346978",1
"1213618","1346979",1
"1213624","1323045",1
"1213650","1550947",1
"1214057","1623509",1
"1214796","1580297",1
"1215424","1677337",1
"1216371","1659975",1
"1219302","1450489",1
"121970","1533194",1
"1220412","1632164",1
"1221384","1492652",1
"1221752","1356817",1
"1222127","1353862",1
"1222464","1504673",1
"122294","1138244",1
"1223428","1436584",1
"1223428","1708504",1
"1223786","1667763",1
"1224484","1683523",2
"1226108","1361445",1
"1226356","1573385",5
"1226367","1355870",1
"1226414","1357525",1
"1226550","1628259",1
"1226880","1357931",1
"1227770","1590723",1
"1228036","1359161",1
"1228702","1359869",1
"1230133","1482912",1
"1230133","1483394",1
"1230827","1361943",1
"1231588","1366247",2
"1232496","1365963",1
"1232496","1365967",1
"1232496","1365984",1
"1232496","1365991",1
"1232496","1365994",1
"1233941","1366729",1
"1234024","1366775",1
"1234957","1367382",1
"1234957","1450455",1
"1235664","1517765",1
"1235664","1526105",1
"1235664","1526108",1
"1236831","1368732",1
"1236831","1452026",1
"1236958","1366717",1
"1237368","1670026",1
"1238291","1369681",1
"1239793","1555505",1
"1240393","1491208",1
"1241592","1372504",1
"1241592","1372507",1
"1241938","1372507",1
"1242144","1546904",1
"1243055","1518504",1
"1243282","1360981",1
"1243510","1495599",1
"1244017","1373975",1
"1244403","1718987",1
"1244403","1718992",1
"1244403","1719498",1
"1245065","1260804",1
"1245065","1615224",1
"1245278","1546904",1
"1245347","1451361",1
"1245379","1374950",1
"1245564","1392211",1
"124608","1548437",2
"124608","439590",1
"1246338","1611740",1
"1246378","1467248",1
"1246529","1448368",1
"1246529","1448370",1
"1246529","1448371",1
"1246529","1720484",1
"1246566","1448368",1
"1246566","1448370",1
"1246566","1448371",1
"1246566","1720484",1
"1247768","1469845",1
"124909","1578668",1
"1250726","1391617",1
"1250909","1531942",1
"1251119","1657892",1
"1252384","1479923",1
"1254","1279700",1
"1254118","1518264",1
"1256503","1599073",1
"1257106","1394982",1
"1257262","1623043",1
"1257262","1661560",1
"1257262","1664193",1
"1257262","1664199",1
"1257262","1665156",1
"1257262","1691612",1
"1257262","1694304",1
"125749","1531942",1
"1257850","1507930",1
"1258246","1575934",1
"1258581","1483087",1
"1258602","1483087",1
"1258989","1612882",1
"1259938","1599079",1
"1263567","1398462",1
"1263713","1366985",1
"1263771","1627831",1
"1264545","1552543",1
"1265440","1548437",1
"1266817","1572873",1
"1266817","1596963",1
"1269172","1615764",1
"1269532","1263579",2
"1269532","1429266",1
"1269532","1638909",1
"1269532","1638913",1
"1269532","1684006",1
"1270746","1572720",1
"1272060","1557722",1
"1272060","1610169",1
"1272550","1442299",1
"1272847","1677477",1
"1273633","1443023",1
"1274109","1706804",1
"1274363","1447046",1
"1274972","1397210",1
"1274972","1657335",1
"1277694","1366717",1
"1278076","1643717",1
"1278423","1585239",1
"1280645","1569796",1
"1282540","1548006",1
"1284014","1450409",1
"1288876","1580371",1
"1289784","1302488",1
"1290444","1621162",1
"1293159","1557594",1
"1293476","1555495",1
"1294348","1360981",2
"1294625","1475042",2
"1296422","1396375",2
"1296422","1437002",2
"1297890","1353803",1
"1298324","1679685",1
"1299511","1633436",1
"1300972","1513230",1
"1302635","1437002",1
"1302887","1431877",1
"1303406","1520105",2
"1303629","1645054",1
"1304988","1433801",1
"1305582","1668064",1
"1305905","1434768",1
"1305969","1617325",1
"1306642","1668174",1
"1306784","1594287",1
"1306784","1612444",1
"1306829","1435575",1
"1306829","1436488",1
"1307562","1669791",1
"1308093","1436796",1
"1308097","1436799",1
"1308115","1436826",1
"1308115","1436827",1
"1308116","1436831",1
"1308118","1436836",1
"1308131","1555554",1
"1308135","1436859",1
"1308383","1471882",1
"1308387","1436812",1
"1308477","1437101",1
"1308670","1449054",1
"130896","1572042",2
"1310588","1630924",1
"1310850","1580305",1
"131410","1112064",1
"131410","1607744",1
"131410","1719707",1
"1314223","1443027",1
"131429","1502801",2
"1314556","1443020",1
"1314560","1443024",1
"1315947","1553005",2
"1316319","1458300",1
"1316619","1600558",1
"1316620","1600558",1
"1316645","1445103",1
"1316645","1600562",1
"1316731","1620527",1
"1316927","1525681",2
"1316936","1606304",1
"1316936","1626792",1
"1316940","1548437",1
"1316940","1549324",1
"1319529","1460938",1
"1319571","1642299",1
"1319590","1232662",2
"1319590","1472552",1
"1319590","1499562",1
"1319590","1499564",1
"1319590","1499566",1
"1319590","1540103",1
"1319590","1557838",1
"1319605","1668987",1
"1319693","1615743",1
"1319693","1642577",1
"1319761","1448512",1
"1320098","1449038",1
"1320101","1449042",1
"1320101","1641845",1
"1320104","1450837",1
"1320123","1449154",1
"1320135","1449108",1
"1320148","1449131",1
"1320152","1449135",1
"1320160","1546247",1
"1320174","1449178",1
"1320175","1449178",1
"1320182","1458728",1
"1320193","1642925",1
"1320194","1642925",1
"1320221","1449323",1
"1320229","1456753",1
"1320240","1464040",1
"1320245","1449291",1
"1320245","1642803",1
"1320245","1644214",1
"1320246","1449291",1
"1320246","1642803",1
"1320247","1449293",1
"1320254","1449304",1
"1320256","1449306",1
"1320258","1449308",1
"1320260","1642196",1
"1320261","1449312",1
"1320262","1449313",1
"1320264","1449316",1
"1320265","1449316",1
"1320265","1657470",1
"1320273","1449319",1
"1320274","1449319",1
"1320276","1449323",1
"1320276","1449358",1
"1320277","1641902",1
"1320278","1449327",1
"1320278","1644110",1
"1320283","1450610",1
"1320283","1534903",1
"1320284","1450610",1
"1320284","1534903",1
"1320288","1449337",1
"1320289","1449339",1
"1320289","1475968",1
"1320289","1487382",1
"1320292","1449344",1
"1320295","1450574",1
"1320295","1587015",1
"1320295","1655224",1
"1320299","1449352",1
"1320300","1449352",1
"1320301","1449352",1
"1320302","1449352",1
"1320304","1449354",1
"1320314","1449385",1
"1320315","1449387",1
"1320318","1452070",1
"1320415","1449505",1
"1320459","1580261",1
"1320496","1449625",1
"1320535","1449687",1
"1320557","1626965",1
"1320567","1667452",1
"1320638","1449861",1
"1320641","1450569",1
"1320641","1644017",1
"1320673","1672555",1
"1320697","1644277",1
"1320719","1643175",1
"1320753","1462818",1
"1320760","1644458",1
"1320796","1450589",1
"1320822","1450149",1
"1320851","1459716",1
"1320862","1580444",1
"1320869","1450242",1
"1320869","1460315",1
"1320872","1450248",1
"1320911","1642838",1
"1320919","1450311",1
"1320925","1578740",1
"1320930","1450336",1
"1320971","1450589",1
"1320988","1450429",1
"1320999","1450466",1
"1321000","1450467",1
"1321016","1450481",1
"1321017","1695196",1
"1321023","1450490",1
"1321025","1450494",1
"1321025","1643144",1
"1321026","1450495",1
"1321038","1450353",1
"1321045","1450525",1
"1321046","1450525",1
"1321047","1450526",1
"1321059","1643950",1
"1321060","1450539",1
"1321062","1450542",1
"1321063","1450543",1
"1321064","1450548",1
"1321064","1580427",1
"1321065","1450548",1
"1321066","1450555",1
"1321066","1457748",1
"1321071","1450566",1
"1321071","1450568",1
"1321072","1450566",1
"1321074","1450568",1
"1321076","1450568",1
"1321078","1450571",1
"1321079","1450572",1
"1321079","1644179",1
"1321080","1450573",1
"1321081","1450577",1
"1321081","1644179",1
"1321084","1641738",1
"1321086","1450584",1
"1321087","1450585",1
"1321087","1641312",1
"1321088","1641691",1
"1321089","1450512",1
"1321090","1450515",1
"1321091","1450516",1
"1321092","1450519",1
"1321092","1657486",1
"1321376","1451055",1
"1321391","1580358",1
"1321417","1479162",1
"1321419","1479162",1
"1321424","1580282",1
"1321516","1578740",1
"1321578","1642196",1
"1321579","1451361",1
"1321631","1451430",1
"1321631","1644629",1
"1321693","1452147",1
"1321693","1642303",1
"1321700","1642717",1
"1321700","1643026",1
"1321704","1668687",1
"1321715","1580408",1
"1321724","1451562",1
"1321724","1531304",1
"1321751","1451595",2
"1321753","1451595",2
"1321754","1451595",1
"1321755","1451596",1
"1321758","1452074",2
"1321765","1451611",1
"1321766","1450539",1
"1321769","1451616",1
"1321770","1451616",1
"1321772","1451618",1
"1321789","1451646",1
"1321854","1451757",1
"1321855","1451758",1
"1321855","1644451",1
"1321902","1718136",1
"1321908","1580330",1
"1321922","1457160",1
"1321923","1451864",1
"1321933","1456716",1
"1321935","1451884",1
"1321936","1451885",1
"1321948","1450445",1
"1321954","1451910",1
"1322001","1580416",1
"1322005","1451983",1
"1322032","1452036",1
"1322034","1452038",1
"1322035","1452040",1
"1322036","1452043",1
"1322039","1452047",1
"1322039","1701863",1
"1322054","1452074",1
"1322071","1642828",1
"1322147","1452237",1
"1322154","1452250",1
"1322155","1452253",1
"1322169","1641521",1
"1322207","1642578",1
"1322578","1452775",1
"1323550","1486390",1
"1323756","1456372",3
"1324082","1450575",1
"1324082","1451611",1
"1324167","1456753",1
"1324167","1456757",1
"1324167","1456760",1
"1324357","1452026",1
"1324454","1449449",1
"1324687","1450568",1
"1324697","1450568",1
"1324697","1644255",1
"1325132","1449323",1
"1325132","1449358",1
"1325145","1451360",1
"1325273","1450453",1
"1325273","1643889",1
"1325273","1659785",1
"1325365","1458099",1
"1325525","1458279",1
"1325634","1551865",1
"1325998","1458826",1
"1325999","1458827",1
"1326000","1458827",1
"1327301","1644597",1
"1328633","1594870",1
"1328932","1449056",1
"1328961","1450246",1
"1330557","1544616",1
"1330824","1490243",1
"1330824","1490247",1
"1330824","1527027",1
"1330824","1527839",1
"1330843","1450454",1
"1330920","1555966",1
"1331723","1543992",1
"1331747","1543991",1
"1331953","1450457",1
"1332266","1449319",1
"1332269","1451611",1
"1332312","1452389",1
"1332361","1450454",1
"1332521","1715227",1
"1333448","1467331",1
"1334357","1468452",1
"1334515","1468651",1
"1334517","1468655",1
"1334519","1468657",1
"1334526","1450466",1
"1334527","1450466",1
"1334619","1468777",1
"1334769","1641978",1
"1335655","1469619",1
"1336091","1449304",1
"1336131","1470175",1
"1336632","1682632",1
"1336632","1682636",1
"1337044","1674247",1
"1338676","1232662",2
"1338676","1472552",1
"1338677","1472552",1
"1338678","1472552",1
"1338679","1472552",1
"133968","1573385",1
"1339908","1518131",1
"1340072","1601164",1
"1340074","1478305",1
"1340074","1674245",1
"1340075","1567834",1
"1340076","1569988",1
"1340076","1601165",1
"1340273","1690454",1
"1340539","1485694",1
"1342326","1475968",1
"1342618","1650607",1
"1343099","1476518",1
"1343101","1476518",1
"1343306","1646817",1
"1343306","1648412",1
"1343306","1723034",1
"1343306","1723036",1
"1343708","1693867",1
"1343880","1477263",1
"1344688","1571031",1
"1346047","1695371",1
"1346165","1648304",1
"1346247","1477293",1
"1347779","1551867",1
"1347915","1070293",1
"1348398","1547784",1
"1348933","1481597",1
"1348934","1481597",1
"1350219","1479936",1
"1350221","1479936",1
"1350222","1479936",1
"1350449","1483012",1
"1351256","1539227",1
"1351763","1484316",1
"1351918","1488085",1
"1352236","1612404",1
"1352236","1612408",2
"1353449","1554451",1
"1353821","1493092",1
"1354047","1486392",1
"1354064","1661713",1
"1355864","1488559",1
"1356600","1475042",1
"1356853","1488744",1
"1356858","1549669",1
"1357807","1498524",1
"135788","1472370",1
"1358252","1576823",1
"1358261","1668423",1
"1360087","1575966",1
"1363972","1643882",1
"1367392","1491208",1
"136813","1555722",2
"1368703","1492652",1
"1368761","1492652",1
"1369709","1520105",1
"1369890","1475042",1
"1370200","1635230",1
"1371012","1520105",1
"1372064","1495227",1
"1373849","1496680",1
"1374175","1507291",2
"1374175","1542897",2
"1374175","1581533",2
"1374175","1666198",2
"1374175","1670930",1
"1374175","1673850",1
"1374175","1677965",1
"1374713","1497645",1
"1374716","1497645",1
"1376064","1684382",1
"1376239","1475042",1
"1376275","1298492",1
"1376789","1562028",1
"1376789","1564609",1
"1376789","1564761",1
"1376789","1565482",1
"1377721","1612379",1
"1380731","1538571",1
"1380731","1652145",1
"1380768","1513969",1
"1380768","1518303",1
"138257","1542181",2
"1382864","1580682",1
"1383733","1505118",1
"1385455","1548760",1
"1385455","1548763",1
"1385456","1548760",1
"1385456","1548763",1
"1386956","1666892",1
"1386956","1708485",1
"1388190","1508835",1
"1388194","1508840",1
"1388403","1546904",1
"1390342","1510806",1
"1390342","1548450",1
"1390342","1548464",1
"1390660","1548760",1
"1390660","1548763",1
"1390702","1556439",1
"1390702","1692986",1
"1390702","1720746",1
"1390853","1543482",1
"1390919","1526872",3
"1391271","1549606",2
"1392075","1512480",1
"1392075","1600216",1
"1392075","1650592",1
"1392210","1508840",1
"1393871","1514265",1
"1394221","1513969",1
"1396199","1575350",1
"1396421","1615693",1
"1397131","1516048",2
"1397131","1517405",2
"1397131","1517896",1
"1397131","1517919",2
"1397131","1517930",1
"1397131","1518965",2
"1397131","1522882",2
"1397131","1522927",2
"1397131","1525149",2
"1397131","1529051",1
"1397131","1552861",2
"1397131","1570354",2
"1397131","1574330",2
"1397212","1516581",1
"1397212","1642577",1
"1397212","1644398",1
"1397212","1676551",1
"1397212","1676553",1
"1397212","1676555",1
"1397644","1525013",1
"1397644","1540624",1
"1399058","1360981",1
"1399257","1546057",1
"1399600","1522367",1
"1400552","1545103",2
"1400761","1730708",1
"1400814","1521111",1
"140086","1265529",1
"140086","1334382",1
"1402071","1545103",3
"1402201","1522362",1
"1402453","1522535",1
"1403148","1559214",1
"1403148","1559395",1
"1403148","1567686",1
"1403148","1594114",1
"1403148","1675646",1
"1403438","1643135",1
"1403457","1693772",1
"1403865","1576024",1
"1403865","1614745",1
"1406538","1526872",2
"1407788","1646627",1
"1407789","1564901",1
"140783","1087420",1
"140783","1087439",1
"140783","1087445",1
"140783","1109113",1
"1408522","1650597",1
"1409189","1702485",1
"1409393","1640032",1
"1410758","1532027",1
"1411150","1531942",1
"1411151","1531942",1
"1411153","1531942",1
"1411165","1539211",1
"1411165","1618968",1
"1411342","1532116",1
"1411716","1592045",1
"1411821","1594764",2
"1411821","1600250",7
"1411821","1600597",1
"1411821","1600627",1
"1411821","1600629",1
"1411821","1610011",1
"1411821","1610015",1
"1411821","1610016",1
"1411821","1683980",1
"141184","1546899",3
"141184","1546904",1
"1411844","1724576",1
"1412063","1557849",1
"141248","951874",1
"141248","951875",1
"141248","955430",1
"1413075","1551756",1
"1413075","1551758",1
"141325","1138673",1
"141326","1138673",1
"1413453","1541940",1
"1415350","1548437",1
"1415491","1578850",1
"1415633","1580667",1
"1416825","1662651",1
"1416825","1662809",1
"1416825","1664286",1
"141877","1157220",1
"1418951","1595157",1
"1419786","1541908",1
"1419987","1543927",1
"1419987","1551008",1
"1420062","1626129",1
"1420392","1726342",1
"1420392","1726423",1
"1420711","1510398",2
"1420711","1542897",1
"1420714","1542702",1
"142073","1009845",1
"1421617","1543793",1
"1421622","1633436",1
"1421652","1543793",1
"1421782","1543992",1
"1422063","1549606",1
"1422119","1544338",1
"1422406","1544609",1
"1422414","1544616",1
"1423416","1545892",1
"1423421","1545892",1
"1423424","1545892",1
"1423664","1643264",1
"1423700","1579773",1
"1424054","1543793",1
"1424057","1543793",1
"1424058","1543793",1
"1424061","1543793",1
"1424096","1543760",1
"1424100","1543760",1
"1424301","1546057",1
"1424516","1546982",1
"1424516","1554286",1
"1424516","1557041",1
"1425241","1547766",1
"1425263","1547773",1
"1425466","1580445",1
"1425471","1548006",1
"1426023","1548544",1
"1426168","1548718",1
"1426192","1548783",1
"1426700","1549324",1
"1426834","1542719",1
"1426872","1346934",2
"1426872","1437002",1
"1427131","1550033",1
"1427131","1551200",1
"1427131","1551201",3
"1427131","1551218",1
"1427131","1551220",5
"1427131","1551222",3
"1427131","1551224",1
"1427131","1551226",1
"1427131","1551229",1
"1427131","1551230",1
"1427131","1551231",7
"1427131","1551234",8
"1427131","1551235",1
"1427131","1551236",3
"1427131","1551237",1
"1427131","1551241",1
"1427131","1551245",1
"1427131","1551248",1
"1427131","1551253",1
"1427131","1551263",1
"1427131","1551280",1
"1427131","1551282",3
"1427131","1551289",1
"1427131","1551302",1
"1427131","1551311",1
"1427131","1553126",1
"1427131","1553201",1
"1427131","1553634",1
"1427131","1553640",1
"1427131","1553665",1
"1427131","1553668",1
"1427131","1553669",1
"1427131","1553671",1
"1427131","1553673",1
"1427131","1553674",1
"1427131","1553677",1
"142715","1578668",3
"142729","1260047",1
"1427296","1593269",2
"1427707","1662223",1
"1427707","1662224",1
"1427707","1662238",1
"1428824","1551184",1
"1428834","1553083",1
"1429056","1551530",1
"1429296","1551543",1
"1429297","1551543",1
"1429298","1551543",1
"1429403","1551682",1
"1429409","1551686",1
"1429414","1551691",1
"1429796","1552263",1
"1429798","1552096",1
"1429822","1552096",1
"1429921","1552181",1
"143008","1353803",1
"1430146","1552339",1
"1430293","1552421",1
"1430293","1552443",1
"1431202","1508165",2
"1431202","1591069",2
"1431732","1553795",1
"1431965","1566495",1
"1432997","1643158",1
"1432997","1706942",1
"1433218","1554991",1
"143352","1566820",1
"1433524","1555426",1
"1433554","1555491",1
"1433560","1555548",1
"1433561","1555549",1
"1433562","1555550",1
"1433565","1555558",1
"1433723","1557592",1
"1434291","1622750",2
"1434322","1622750",2
"1434585","1556550",1
"1436080","1557890",1
"1436324","1558039",1
"1438339","1560395",1
"1438553","1561612",1
"1438982","1561207",1
"1438982","1628310",1
"1439022","1559880",1
"1439064","1561298",1
"1439089","1578623",1
"1439850","1673702",1
"1439850","1673768",1
"1439909","1562460",1
"1439925","1562477",1
"1440335","1581670",1
"1440508","1563850",1
"1441480","1589761",1
"1441790","1643026",1
"1441869","1565268",1
"1441882","1565302",1
"1441883","1565306",1
"1442108","1601782",1
"1442166","1565521",1
"1442508","1565965",1
"1442659","1566089",1
"1443504","1567996",1
"1443743","1566959",1
"1443892","1578850",1
"1443892","1724855",1
"1444209","1672970",1
"1445155","1567996",1
"1445785","1725104",1
"1446026","1568767",1
"144611","1298601",1
"1446681","1656780",1
"1447323","1683523",2
"1448544","1578850",1
"1449066","1572331",1
"1449068","1572331",1
"1449077","1572335",1
"1449083","1572338",1
"1449255","1572478",1
"1449296","1572534",1
"1449701","1573385",1
"1449733","1573436",1
"1449967","1573601",1
"1450783","1574325",1
"1451572","1580401",1
"1452208","1575914",1
"1452210","1575916",1
"1452213","1575918",1
"1452224","1575935",1
"1452226","1575937",1
"1452234","1575967",1
"1452448","1574071",1
"1452721","1576345",1
"1452725","1576352",1
"1452726","1576353",1
"1452989","1575919",1
"1453079","1576024",1
"1453235","1688248",1
"1453242","1576816",1
"1453242","1576823",1
"1453279","1576823",1
"1453462","1576964",1
"1453464","1576964",1
"1453847","1554451",2
"1453847","1577167",1
"1454034","1577324",1
"1454034","1581533",2
"1454260","1577775",1
"1454260","1577780",1
"1454260","1577786",1
"1455285","1580671",1
"1455449","1578501",1
"1455477","1577786",1
"1455505","1577775",1
"1455530","1577780",1
"1455545","1578607",1
"1455545","1578624",1
"1455626","1578668",1
"1455627","1578668",1
"1455649","1578735",1
"1456004","1580261",1
"1456059","1579027",1
"1456060","1579028",1
"1456474","1579448",1
"1456474","1579945",1
"1456567","1582419",1
"1457029","1579803",1
"1457246","1579945",1
"1457533","1579090",1
"1457620","1580214",1
"1457659","1580265",1
"1457686","1580288",1
"1457687","1580289",1
"1457688","1580290",1
"1457689","1580291",1
"1457690","1580292",1
"1457691","1580294",1
"1457696","1580298",1
"1457697","1580298",1
"1457698","1580300",1
"1457699","1580301",1
"1457701","1580307",1
"1457702","1580309",1
"1457705","1580315",1
"1457706","1580317",1
"1457707","1580317",1
"1457710","1580321",1
"1457719","1580338",1
"1457732","1580355",1
"1457742","1580369",1
"1457744","1580373",1
"1457745","1580373",1
"1457755","1580391",1
"1457763","1580403",1
"1457766","1580405",1
"1457769","1580407",1
"1457770","1580409",1
"1457770","1595095",1
"1457771","1580410",1
"1457772","1580411",1
"1457773","1580412",1
"1457775","1580413",1
"1457776","1580414",1
"1457777","1580419",1
"1457779","1582444",1
"1457780","1580424",1
"1457780","1657523",1
"1457781","1580425",1
"1457787","1580432",1
"1457788","1580433",1
"1457790","1580438",1
"1457792","1580444",1
"1457793","1580445",1
"1457794","1580446",1
"1457797","1580449",1
"1457798","1580450",1
"1457799","1580450",1
"1457800","1580451",1
"1457812","1580470",1
"1457831","1580499",1
"1457882","1580587",1
"1457893","1580512",1
"1457894","1580513",1
"1457895","1580513",1
"1457938","1580670",1
"1457938","1580732",1
"1457939","1580670",1
"1457943","1580677",1
"1457979","1580745",1
"1457980","1580745",1
"1458058","1580879",1
"1458070","1580893",1
"1458081","1580600",1
"1458106","1580955",1
"1458108","1580955",1
"1458110","1580958",1
"1458118","1580966",1
"1458135","1657280",1
"1458141","1580920",1
"1458149","1581012",1
"1458151","1581014",1
"1458274","1581214",1
"1458274","1581222",1
"1458274","1598905",1
"1458274","1729601",1
"1458711","1586360",1
"1458772","1581544",1
"1458789","1580314",1
"1458798","1580366",1
"1458816","1580417",1
"1458818","1580420",1
"1458825","1580432",1
"1458830","1580434",1
"1458833","1580441",1
"1458880","1580627",1
"1459001","1648305",1
"1459001","1648306",1
"1459067","1578742",1
"1459471","1582518",1
"1462955","1585524",1
"1465725","1649936",1
"146596","1300126",1
"146596","1667612",1
"1466934","1586360",1
"146698","146510",1
"1467073","1589184",1
"1468684","1591033",1
"1468770","1644675",1
"1468946","1545103",2
"1470810","1594994",1
"1470820","1594994",1
"1470872","1593269",1
"1471064","1592903",1
"1472447","1594502",1
"1472752","1594904",1
"1473191","1479967",1
"1473628","1595157",1
"1474022","1596000",1
"1474037","1596025",1
"1474751","1727460",1
"1476932","1721610",1
"1477217","1599071",1
"1477218","1599072",1
"1477220","1599075",1
"1477495","1623045",1
"1478196","1632161",1
"1478197","1644255",1
"1479167","1636887",1
"1479214","1600910",1
"1479531","1641243",1
"1479531","1641282",1
"1479531","1641285",1
"1479531","1645183",1
"1479531","1645273",1
"1479531","1647755",1
"1479531","1664049",2
"1479869","1601548",1
"1479869","1601549",1
"148074","1450589",1
"1481094","1607425",1
"1481159","1603750",1
"1481995","1606022",1
"1482502","1605105",1
"1483116","1687663",1
"1483116","1704105",1
"1484656","1609422",1
"1484718","1668423",2
"1484868","1679797",1
"1485622","1580310",1
"1485839","1682133",1
"1486062","1610221",1
"1486112","1611740",1
"1486220","1611863",2
"1486223","1611863",2
"1486246","1611863",1
"1486811","1612882",2
"1486838","1612404",2
"1486856","1612278",1
"1487085","1612681",1
"1487304","1612404",1
"1487305","1612404",1
"1487319","1612882",2
"1487339","1612404",1
"1487341","1612872",1
"1487341","1628087",1
"1487341","1675404",1
"1487362","1612404",2
"1487363","1612404",2
"1488197","1614745",1
"1488198","1614745",1
"148848","1594870",2
"1488678","1615290",1
"1489060","1615648",1
"1489063","1615648",1
"1489165","1615693",1
"1489166","1615693",1
"1489263","1615961",1
"1489557","1713399",1
"1489665","1616312",1
"1490171","1616918",1
"1492093","1672941",1
"1492423","1619359",1
"1495356","1621515",1
"1495356","1621543",1
"1495356","1623542",1
"1495356","1640340",1
"1495356","1723424",1
"1495356","1723428",1
"1495375","1621516",1
"1496250","1638130",1
"1496359","1622445",1
"1496872","1622899",1
"1496872","1622943",1
"1497331","1659975",1
"1501912","1628765",1
"1502024","1627831",1
"15021","1009224",2
"15021","1267446",1
"15021","1312082",2
"1502313","1676207",1
"1502489","1630304",1
"1503187","1675302",1
"1503258","1630685",1
"1503499","1639826",1
"15041","1577167",1
"1504250","1632161",1
"1504250","1664282",1
"1504251","1632164",1
"1504583","1647810",1
"1508618","1638342",1
"1508618","1638355",1
"1508693","1651802",1
"1510044","1639826",1
"1510603","1640489",1
"1510603","1679772",1
"1510733","1640812",1
"1510826","1640812",1
"1511168","1641285",1
"1511353","1641524",1
"1511548","1641730",1
"1511551","1641738",1
"1511566","1644244",1
"1511586","1641730",1
"1511594","1641845",1
"1511640","1641949",1
"1511659","1641993",1
"1511728","1642152",1
"1511742","1642196",1
"1511755","1642231",1
"1511756","1642235",1
"1511770","1642284",1
"1511775","1642299",1
"1511800","1642376",1
"1511870","1642562",1
"1511876","1642578",1
"1511884","1642594",1
"1511895","1642618",1
"1511925","1642703",1
"1511939","1657469",1
"1511939","1658695",1
"1511976","1642838",1
"1511978","1667009",1
"1512025","1670204",1
"1512053","1643030",1
"1512061","1661172",1
"1512082","1643125",1
"1512084","1643135",1
"1512101","1643170",1
"1512112","1643191",1
"1512142","1643267",1
"1512157","1669714",1
"1512185","1643369",1
"1512190","1643392",1
"1512232","1643493",1
"1512271","1648854",1
"1512277","1643615",1
"1512319","1661138",1
"1512355","1643846",1
"1512368","1643871",1
"1512370","1643877",1
"1512395","1643936",1
"1512396","1643937",1
"1512402","1643963",1
"1512417","1670338",1
"1512424","1644014",1
"1512473","1664802",1
"1512495","1644187",1
"1512502","1644216",1
"1512520","1644277",1
"1512526","1644287",1
"1512544","1644344",1
"1512549","1644353",1
"1512592","1644453",1
"1512625","1644540",1
"1512653","1644628",1
"1512672","1668174",1
"1512675","1644714",1
"1512676","1644714",1
"1512691","1664282",1
"1512692","1644732",1
"1513057","1693772",1
"1513074","1645144",1
"1513122","1693772",1
"1513310","1673813",1
"1513635","1690454",2
"1513870","1646075",1
"1513870","1683523",1
"1513931","1642172",1
"1514260","1726070",1
"1514333","1642563",1
"1514342","1642578",1
"1514431","1642873",1
"1514472","1669396",1
"1514633","1646803",1
"1514640","1646804",1
"1514695","1646839",1
"1514726","1646868",1
"1514736","1646854",1
"1514844","1664691",1
"1515202","1647612",1
"1515243","1647664",1
"1515381","1677660",1
"15154","1582647",3
"1515538","1642400",1
"1516272","1648969",1
"1516700","1643717",1
"1516702","1643720",1
"1516732","1668819",1
"1516778","1644117",1
"1516787","1644277",1
"1517114","1652123",1
"1517271","1648854",1
"1517356","1650248",1
"1517358","1650250",1
"1518438","1656715",1
"1518482","1690230",1
"1518482","1690607",1
"1518482","1695727",1
"1518482","1695729",1
"1518482","1695730",1
"1518482","1695742",1
"1518563","1651519",1
"1518563","1677477",2
"1518563","1680226",1
"1518563","1685217",1
"1518563","1693974",2
"1518564","1650004",1
"1518921","1643305",1
"1519614","1652797",1
"1519715","1653079",1
"1519818","1690344",1
"1519818","1690346",1
"1519945","1653226",1
"1519987","1653240",1
"1519991","1653240",1
"1520045","1653287",1
"1520605","1728720",1
"1520913","1644054",1
"1521170","1644117",1
"1521313","1654008",1
"1522140","1655889",1
"1522140","1680332",1
"1522140","1695034",1
"1523316","1657278",1
"1523347","1669171",1
"1523355","1659137",1
"1523406","1657460",1
"1523417","1657476",1
"1523468","1657593",1
"1523725","1658923",1
"1524241","1666203",1
"1524816","1681258",1
"1524970","1657278",1
"1525289","1657478",1
"1526248","1643901",1
"1526916","1661713",1
"1526952","1661755",1
"1526958","1661762",1
"1526959","1661762",1
"1527049","1661852",1
"1527184","1688163",1
"1527686","1641845",1
"1528198","1663363",1
"1528219","1664873",1
"1528951","1664193",1
"1528980","1664199",1
"1529317","1664547",1
"1529662","1664955",1
"1530409","1665313",1
"1530779","1666198",1
"1530779","1677965",2
"1530779","1693974",2
"1531067","1450547",1
"1531269","1667388",1
"1531367","1666892",1
"1531367","1708485",1
"1531585","1644353",1
"1531703","1667499",1
"1531703","1667522",1
"1531708","1667515",1
"1533183","1573385",1
"1533265","1642196",1
"1533267","1642196",1
"1533268","1642196",1
"1534233","1670930",1
"1534346","1671155",1
"1534481","1671454",1
"1534481","1702986",1
"1534489","1688395",1
"1534489","1688446",1
"1535167","1643241",1
"1538201","1711608",1
"1538807","1676259",1
"1539177","1676555",1
"1539419","1676788",1
"1539421","1676788",1
"1539422","1676788",1
"1540142","1677496",1
"1541373","1678191",1
"1541476","1678727",1
"1541686","1679042",1
"1541687","1679042",1
"1542620","1679889",1
"1542623","1679889",1
"1543873","1723887",1
"1544360","1729087",1
"1546282","1683549",1
"1547933","1694927",1
"1549548","1697807",1
"1549750","1688841",1
"1550099","1695532",1
"1550899","1688084",1
"1550899","1693567",1
"1553340","1690269",1
"1554775","1691297",1
"1555559","1691913",1
"1556073","1712022",1
"1556640","1719148",1
"1556727","1698830",1
"1556958","1693149",1
"1556958","1693200",1
"1556958","1693208",1
"1556958","1693209",1
"15572","1601549",1
"1559425","1695215",1
"1560115","1695816",1
"1560249","1673813",1
"1560417","1657892",2
"1560995","1695742",1
"1561002","1695730",1
"1561422","1697465",1
"1563377","1699208",1
"1563470","1699304",1
"15647","1153428",1
"15647","1153519",1
"15657","1572042",1
"1569320","1703426",1
"1569628","1707627",1
"1571061","1705430",1
"1571457","1705702",1
"1572497","1706280",1
"1573110","1717749",1
"15736","1507930",2
"1574203","1710483",1
"1575139","1708166",1
"1575328","1708299",1
"157569","1070285",1
"1577823","1574533",1
"1578598","1711608",1
"1578963","1711969",1
"1580143","1717058",1
"1580224","1713383",1
"1580233","1713393",1
"1580237","1713394",1
"1580240","1713395",1
"1580244","1713397",1
"158029","1280218",3
"1580299","1713439",1
"1581142","1714238",1
"158149","1684382",2
"1581493","1714804",1
"1581493","1716425",1
"1582993","1716587",1
"1582995","1716588",1
"15831","1573385",2
"1583406","1717075",1
"1583477","1724244",1
"1583956","1717959",1
"1584144","1718136",1
"1584219","1718948",1
"1585013","1719150",1
"1585192","1719318",1
"1585192","1719328",1
"1585192","1719332",1
"1585192","1719594",1
"1585192","1719598",1
"1585464","1719667",1
"1585552","1719768",1
"1585839","1720182",1
"1585952","1720415",1
"1585952","1720424",1
"1586187","1719486",1
"1587082","1721652",1
"1587116","1723169",1
"1587116","1723221",1
"1588686","1723169",1
"1588749","1726078",1
"1589797","1724806",1
"1590346","1724576",1
"1590552","1725955",1
"1591445","1727342",1
"1591522","1727456",1
"1592293","1728580",1
"1592670","1728888",1
"1592670","1728895",1
"159567","1325510",3
"159950","1112064",1
"159950","1335790",2
"16052","1582647",1
"161208","1369681",1
"16157","1536426",1
"161894","1081775",1
"16200","1572042",1
"16333","1069906",2
"16333","1300126",1
"16333","1591065",1
"163768","1153519",1
"163813","1369681",1
"163813","1456753",2
"163813","1546904",1
"1641","1533931",1
"1641","1580219",1
"166029","1010360",1
"16609","1578850",2
"167351","1572042",2
"16772","1227883",1
"16822","1496498",1
"16839","1507930",2
"169031","1127871",1
"169031","1590147",3
"169031","1590148",3
"169031","1679750",1
"169031","1693876",1
"16921","1572042",1
"169210","931007",1
"16956","1647939",1
"16992","1318253",2
"17037","1260047",1
"17037","1325510",1
"17037","1533931",1
"17037","1578668",1
"17037","1580219",1
"170814","1531477",1
"171718","1664990",1
"171718","1724576",1
"171739","978773",1
"17269","1578850",2
"172948","1572042",1
"17399","1325510",1
"17399","1578668",2
"17402","1002402",1
"17402","1711582",1
"17403","1011230",2
"17403","876962",2
"17432","1011230",2
"17432","876962",2
"174751","1572042",2
"17735","1572042",1
"17753","1260047",1
"17753","1318253",1
"178128","1581555",1
"178128","1622823",2
"178850","979662",1
"17982","1546904",1
"17982","1577167",2
"17984","1069906",2
"18004","1578668",2
"180248","1148682",1
"180248","1264883",1
"180248","1396754",8
"180248","1471882",2
"180248","1561229",1
"182577","1548437",1
"182652","1083391",1
"182652","1531942",1
"182652","1542181",3
"182652","1696112",1
"182652","1696155",1
"182652","1723229",1
"183809","1507930",1
"185760","443581",1
"18621","1136197",1
"18621","1369681",4
"18621","1474961",1
"18621","1478796",1
"18621","1489241",1
"18621","1522367",1
"18621","1544745",1
"18621","1577167",2
"186491","1726142",1
"186491","1726154",1
"186593","1132440",1
"187651","1546057",1
"189248","1657892",2
"190495","1483790",2
"190495","1684382",1
"190728","1449505",2
"190728","1641803",1
"199369","1300174",2
"199570","1533931",2
"199608","1622750",1
"201444","1548437",3
"20205","1554451",2
"20205","1577167",3
"202128","1153205",1
"2024","1279700",1
"20249","1082748",1
"202588","1353803",1
"20286","1578668",1
"202909","1308454",1
"20360","1577167",2
"203741","1577167",1
"20404","1345627",1
"20404","1546899",3
"20404","1546904",3
"20404","1546906",4
"20438","1069906",1
"206474","1520105",2
"208050","1578850",2
"208050","1594870",1
"208218","1120845",2
"208769","1277583",1
"208790","1300126",3
"208910","1578668",2
"2092","1325510",2
"2092","1369681",1
"2092","1542181",2
"2092","1578668",1
"209409","1507930",1
"209590","1502801",1
"209629","1520105",2
"211009","1467863",1
"211049","1265529",1
"211049","1334382",1
"211049","1472068",2
"2139","947929",1
"214217","416505",1
"21453","1577167",1
"21488","1369681",1
"216288","1141544",1
"21808","1345627",1
"21808","1546899",6
"21808","1546904",4
"21808","1546905",1
"21808","1546906",4
"218890","1577167",1
"220688","1542688",1
"222015","1692167",2
"223168","1572720",1
"223550","1577167",2
"223637","1548437",2
"223637","1580219",1
"223637","1581555",1
"223948","1023021",2
"223948","1316960",1
"22409","1308454",1
"224670","1533931",2
"224755","1300126",1
"224848","1531942",1
"224916","1120810",1
"228201","1548632",1
"22854","1578850",2
"228579","1244222",1
"229293","1578668",1
"229639","1533931",1
"231031","1300126",2
"231031","1667612",1
"231358","1403091",1
"231368","1069906",2
"231680","1329330",1
"231796","1167291",1
"232991","1542181",2
"233440","1167783",1
"23354","1727699",1
"23354","1728960",1
"23354","1728974",1
"234237","1589778",1
"234237","1591181",1
"234404","1545103",1
"235051","1023021",3
"235051","1256380",1
"235051","1264883",2
"235051","1265833",1
"235051","1265839",1
"235051","1296733",4
"235051","1306733",1
"235051","1329406",1
"235051","1349357",3
"235051","1354677",2
"235051","1369623",1
"235051","1392211",2
"235051","1396754",2
"235051","1398462",2
"235051","1501144",5
"235051","1507291",1
"235051","1526872",1
"235051","1532273",1
"235051","1543482",1
"235051","1561229",5
"235051","1574342",5
"235051","1581533",2
"235051","1583985",4
"235051","1616255",1
"235051","1619819",5
"235051","1622805",2
"235051","1625829",3
"235051","1711969",1
"235051","896845",1
"235246","1156712",1
"235246","1157226",1
"23667","1348703",1
"237310","225784",1
"237559","1575967",1
"238244","1698445",1
"238331","1612756",1
"23842","1531942",2
"23850","1526872",1
"238919","1546904",1
"239072","1266425",1
"239226","1519304",1
"239343","1346934",2
"23952","1030117",2
"23952","1130219",1
"23952","1130262",2
"239974","1590243",1
"239974","1590251",1
"239974","1590830",1
"239974","1590831",1
"239974","1590842",1
"239974","1591144",1
"239978","1512480",1
"239978","1590147",3
"239978","1590148",3
"239978","1600216",1
"239978","1639826",1
"239978","1650592",1
"239978","1679750",1
"240242","1112064",1
"240242","1676414",1
"240309","1312222",1
"240910","1274732",2
"240910","1308454",2
"241700","1458824",1
"243985","938371",1
"244349","1261194",1
"244368","1120810",2
"244368","1136549",9
"244368","1153205",14
"244368","1162526",9
"244368","1224653",3
"244368","1437002",1
"244368","1531942",2
"244368","1545391",2
"244368","1572441",2
"244368","1582647",1
"244368","1594870",4
"244368","1717321",1
"244368","1721442",1
"245689","1683523",1
"245689","1706208",1
"245949","1156671",1
"245970","1150922",1
"246045","1666198",2
"246045","1681205",2
"246387","1545103",1
"247125","1140036",1
"248224","1556555",1
"249137","1261194",5
"250488","1726685",1
"254044","1311720",1
"254330","1264883",1
"254330","1502801",1
"254330","1507291",1
"254617","1546235",1
"254955","1099043",1
"255100","1503427",1
"255338","1550593",1
"256191","1083387",1
"256592","1312082",1
"257095","1023021",1
"25737","1324555",3
"257496","1580966",1
"259226","1130262",2
"261460","1573494",1
"261593","1578668",1
"26239","1260047",8
"26285","1069906",2
"26285","1300126",1
"263356","1302488",1
"264089","1558525",1
"264228","1684382",1
"264309","1260047",1
"265489","1126999",1
"265489","1127005",1
"265949","1572042",1
"266000","1292410",1
"266471","1256380",1
"266471","1296733",1
"266471","1354677",1
"266471","1501144",1
"266471","1555496",1
"266471","1561229",1
"266471","1619819",1
"266471","1702443",1
"266478","1516709",1
"266478","1573663",1
"266812","1576354",1
"266812","1601506",1
"266873","1533931",1
"267387","1577324",3
"267387","1581533",3
"268166","1542897",1
"269399","1580265",1
"269683","1148682",1
"269683","1245270",2
"271038","1623682",3
"271038","1624064",1
"271038","1627346",3
"271038","1657892",2
"271173","431420",1
"271694","1154168",1
"273076","1612404",1
"274349","1360981",3
"275660","1727699",1
"275660","1728960",1
"275660","1728961",1
"275660","1728974",1
"277060","1578668",2
"277512","1007291",1
"277512","1007302",1
"277512","904204",1
"278120","1573436",1
"279657","255352",1
"279657","623960",1
"279657","632603",1
"279657","980825",1
"279660","255352",1
"279893","1329330",1
"281268","1330243",2
"281268","1559012",3
"283173","1312082",1
"283370","1303022",1
"283370","1677506",1
"283889","1575385",1
"284063","1392456",1
"284088","1030021",1
"284088","1030027",1
"284088","1319798",1
"284088","1319835",1
"284088","1322066",1
"284088","1443858",1
"284088","1608011",1
"284090","1030021",1
"284090","1030027",1
"284090","1319798",1
"284090","1443858",1
"284136","1148682",1
"285641","1572042",2
"286107","1369681",1
"286107","1525013",2
"286212","1676414",1
"286383","1526872",1
"286383","1549807",2
"287864","1553005",2
"287969","1578850",2
"288904","1545103",1
"289335","1274732",1
"289335","1280024",1
"289335","1308454",1
"289440","1328628",1
"289526","976864",1
"290481","1292111",1
"292121","1311720",1
"292185","1325510",1
"292899","1578850",1
"293156","1023021",1
"293225","1542897",3
"293588","1260047",1
"293806","1339220",1
"293806","1583983",1
"294636","1593502",1
"295977","1572042",3
"296248","1724698",1
"296462","1684382",1
"296585","1346875",1
"296585","1631446",1
"29719","1456594",2
"298061","1707671",1
"299676","1475042",3
"300301","1136549",2
"300301","1166283",1
"300301","1202882",2
"30067","1702886",1
"30114","1483790",1
"30114","1626026",2
"30114","1684382",1
"30141","1550490",1
"302048","1611863",1
"32219","1449856",1
"32283","904204",1
"32575","1533931",1
"327046","1300174",2
"327077","1372214",2
"327268","1611863",1
"327270","1578850",1
"327316","1657892",1
"327353","1608011",1
"327354","1267446",1
"327354","1615224",2
"327354","1699215",1
"327593","1502801",1
"327671","1612864",1
"327672","1612864",1
"327765","1612404",1
"327765","1612408",1
"327781","1691235",1
"327841","1611898",1
"327846","1676865",2
"327973","1336282",1
"327974","1475042",1
"327976","1328628",1
"327976","1478305",2
"328000","1011230",4
"328000","876962",4
"328010","1677477",2
"328070","1450467",1
"328076","1321034",1
"328137","1450409",1
"328150","1336045",1
"328576","1162526",1
"328576","1224653",2
"328576","1357349",1
"328576","1360981",2
"328576","1620626",1
"328760","1127005",1
"329163","1112064",3
"329163","1267446",1
"329163","1620032",1
"329163","1640188",1
"329163","1677165",1
"329163","1681205",5
"329163","1684325",1
"329524","1130262",2
"329688","1678191",1
"329797","1372214",1
"330833","1612404",1
"331808","1579090",1
"331847","1259698",1
"332037","953354",1
"332055","1372214",2
"332265","1154986",1
"332325","1658236",1
"332331","1496498",1
"332477","1503427",1
"332601","1690735",1
"332679","1622823",2
"332755","1201642",1
"332824","1140333",2
"333294","1557889",1
"333298","1433671",1
"333298","938371",1
"333299","1097314",1
"333390","1335788",5
"333390","1335790",1
"333390","1335822",1
"333390","1336070",1
"333390","1336382",1
"333390","1353803",4
"33340","1317086",2
"333613","443581",1
"334029","1628304",1
"334090","1650485",1
"334191","1296690",1
"334254","1504762",1
"334254","1505454",1
"334257","1622750",2
"334572","1361445",1
"33471","1021710",1
"33471","1069906",1
"335461","1671677",1
"335890","1062018",1
"335890","1062052",1
"335908","1116612",1
"335908","1243663",1
"335908","1271886",1
"335950","1374376",1
"335989","1565307",1
"33607","1302488",1
"336119","1305647",1
"336204","1318253",1
"336608","1502801",1
"336629","1542742",1
"33663","1548437",2
"336796","1649894",1
"33688","1112064",1
"33688","1267446",2
"33688","1396754",1
"33688","1485175",1
"33688","1627346",2
"33688","1666198",2
"33688","1693974",4
"336926","1572042",1
"337315","1548961",1
"337315","1548967",1
"337315","1548969",1
"337315","1549003",1
"337385","1565310",1
"337634","1649894",1
"337751","1331317",1
"33796","1325510",2
"33796","1369681",1
"338112","1302488",1
"338251","1629890",1
"338696","1726442",1
"339012","1695371",1
"339117","1308454",1
"339262","1003603",1
"339285","1302488",2
"339285","1507930",2
"339517","1099988",1
"339517","1676865",1
"339657","1191842",1
"340013","1545103",1
"340089","1531942",2
"340278","1623682",2
"340997","1643267",1
"340998","1643267",1
"341176","1649643",1
"341291","1615375",1
"341299","1113023",1
"341504","1173703",1
"34155","1572042",1
"341590","1450568",1
"341597","1475042",1
"341622","1612404",1
"341622","1612408",2
"341643","1553590",1
"341643","1619109",1
"341858","1493088",1
"341858","1502726",1
"341858","1559007",1
"341858","1676249",1
"341944","1303538",1
"341944","1564797",1
"342221","1325510",1
"342252","1065835",1
"342558","1266969",1
"342558","1266970",1
"342558","1677965",2
"342604","1261343",2
"342731","1588929",1
"343201","1134123",2
"343201","1277583",1
"343201","1292059",1
"343201","1292116",1
"343201","1366710",2
"343201","1514190",1
"343214","1122876",1
"343225","1153143",1
"343388","418791",1
"343493","1490124",1
"343611","1003337",1
"343611","979662",1
"343742","1211174",1
"343757","1113023",1
"344003","1551527",1
"344081","1450539",1
"344572","1300126",2
"344794","1545103",1
"344814","1308996",1
"345098","1114154",1
"345560","1100110",1
"345560","1392456",1
"345597","1014036",1
"345702","1103304",1
"345702","1136549",1
"345702","1277583",1
"345702","1392211",1
"345702","1404574",2
"345702","1472068",1
"346307","1076752",1
"346329","1572720",1
"346369","1594870",2
"346456","1657892",1
"346617","1069906",1
"346617","1092127",2
"34668","1083736",1
"346717","1542897",1
"347743","1095946",1
"348498","1578668",1
"348781","1332403",1
"348850","1138244",1
"348918","1572492",1
"348980","1300126",2
"349045","1069906",1
"349681","870628",1
"349802","1548437",1
"350967","1615743",1
"350967","1615764",1
"350967","1663497",1
"350967","1679889",1
"350967","1681753",1
"350967","1720643",1
"351450","1148403",1
"351855","1136197",1
"351855","1474961",1
"351855","1478796",1
"351855","1489241",1
"351855","1646322",1
"351908","1069906",1
"351986","1318253",1
"352224","1116624",1
"352224","1141142",1
"352240","1484777",1
"352240","1488082",1
"352652","1549467",1
"352672","1120845",2
"352787","1665313",1
"352794","1362435",1
"352890","1594870",1
"353310","1549807",2
"353964","901775",1
"354269","1667515",1
"354301","1623682",1
"354433","1016890",1
"354433","1696602",1
"354545","1588240",1
"354574","1580521",1
"355588","1330243",1
"355588","1492448",1
"356204","1646322",1
"356715","1372214",1
"356715","1487663",1
"356732","1137664",1
"356732","1619125",1
"356732","1622260",1
"356864","1642314",1
"357290","1543624",1
"357463","1641439",1
"357848","1222864",1
"357848","1275761",1
"357848","1293286",1
"358020","1596392",1
"358021","1553083",2
"358028","1728667",1
"358157","1677477",1
"358732","1065836",1
"359147","1312082",2
"359385","1291912",1
"360341","1020877",1
"36056","1081775",1
"36056","1615375",1
"36056","1657951",1
"36056","1662434",1
"360564","1542256",1
"360575","1302488",1
"360661","1533931",1
"36068","1007291",1
"36068","1279536",1
"36068","1394515",1
"36068","940839",1
"361653","1295534",2
"362324","1148682",2
"362324","1367828",1
"362324","1667351",1
"362324","729006",1
"362324","878544",1
"362455","1306733",1
"362455","1313736",2
"362455","1591065",7
"362455","1591066",7
"362455","1591069",6
"362604","1502801",1
"362604","1632873",2
"362604","1677477",2
"362621","1642823",1
"362710","1520105",2
"362910","1318253",2
"363448","1069906",1
"363448","1302488",1
"363448","1507930",1
"363563","1347945",1
"364527","1582623",1
"364546","1468452",1
"364694","1366775",1
"364810","1717751",1
"364810","1718449",1
"364810","1718454",1
"365056","888843",1
"365056","908046",1
"365071","1546904",1
"365240","1608011",1
"365805","1642169",1
"366348","1456594",2
"366451","1643195",1
"366587","1643936",1
"366668","1299991",2
"366668","1371964",1
"366811","1548437",1
"366811","1551201",2
"366811","1577780",2
"366811","1580219",4
"366811","1581555",4
"366811","1612408",2
"366843","1552176",1
"367013","1080908",1
"367013","1080947",1
"367649","1594870",1
"369587","1687804",1
"369587","1724967",1
"369587","1726218",1
"369782","1612404",1
"37066","1572042",1
"370668","1554451",1
"371080","1070292",1
"371635","1311622",1
"371707","1542702",1
"371838","1135984",14
"371838","1136002",14
"372018","1305628",1
"372651","1267446",1
"372677","1691843",1
"372721","1263823",1
"372721","1295348",1
"372721","1373590",1
"372876","1664049",2
"373988","1138244",1
"374071","1555722",3
"374406","1572042",2
"374518","1396375",1
"374753","1600550",1
"374769","1004423",1
"374769","1004425",1
"374769","1004855",1
"374864","1148682",2
"374864","1245270",2
"374864","1347949",3
"374864","976864",2
"374864","986191",1
"374999","1575942",1
"375630","1114154",1
"375701","1120810",2
"375701","1168300",1
"375701","1202882",2
"375701","1256380",1
"375701","1264883",1
"375701","1296733",3
"375701","1349357",3
"375701","1354677",5
"375701","1392211",4
"375701","1501144",3
"375701","1503427",1
"375701","1507291",2
"375701","1526872",2
"375701","1543482",1
"375701","1559880",2
"375701","1561229",2
"375701","1574342",2
"375701","1583985",2
"375701","1616255",1
"375701","1619819",4
"375701","1622805",2
"375701","1625829",1
"375701","1670930",2
"375701","1677965",1
"375773","1268382",1
"375773","1336045",1
"375773","1396375",2
"375773","1437002",2
"376120","1082743",1
"376120","842475",1
"376263","1702418",1
"376504","1336045",3
"377634","1549807",2
"378127","1448370",1
"378127","1448371",1
"378450","1096047",1
"378613","1545103",1
"379194","1162526",1
"379194","1224653",2
"380267","1002833",1
"380297","1531942",1
"380750","1450445",1
"381131","1508835",1
"381131","937085",1
"381278","1692020",1
"381562","1508840",1
"381567","1396094",1
"381742","1395007",3
"381742","1395009",3
"381808","1317074",1
"382903","1084101",1
"382967","1084091",1
"382967","1084101",1
"382967","1090555",1
"382968","1084091",1
"382968","1090555",1
"383355","1550985",1
"383666","1308891",1
"383666","1308893",1
"383666","1309011",1
"383666","1669300",1
"383681","1176188",1
"383681","1289565",1
"383681","1632167",1
"383747","1612404",2
"383976","1542897",1
"384008","1100063",1
"384430","1295534",1
"384430","1295564",1
"384430","1295585",1
"384430","1579774",1
"384430","1691235",1
"384501","1264108",1
"384828","1136197",1
"384828","1474961",1
"384828","1478796",1
"384828","1489241",1
"384950","1577984",1
"385378","1023021",2
"385449","1498867",1
"385634","1245270",1
"386431","1274732",2
"386431","1308454",2
"386431","1328628",1
"386877","1008192",1
"386877","1121232",1
"386877","1360981",2
"386877","1556269",1
"387257","1298492",1
"387302","1525681",1
"388338","1263682",1
"389015","1550985",1
"389354","1553005",1
"390378","1559196",1
"390378","1564285",1
"390619","1708022",1
"39136","1713540",1
"391778","1154168",1
"392034","1520105",2
"392698","1302488",1
"393532","1098934",1
"39381","1112064",2
"39401","1594870",1
"394734","907403",1
"396265","1548544",1
"396292","1711235",1
"39709","1148284",2
"39709","1615224",1
"39896","1678191",1
"399514","1533931",1
"399751","1458822",1
"400055","1336045",2
"400055","1437002",2
"400268","1015863",1
"400268","1369681",2
"400268","1544745",1
"400268","1556113",1
"400268","1577167",2
"400520","921121",1
"400527","1341322",1
"400639","1542897",1
"400641","1561229",1
"400641","1574342",1
"400641","1583985",1
"400641","1625829",1
"400897","1533931",1
"401967","811447",1
"402","1096057",1
"402","1135211",1
"402","1499663",1
"402","1615496",1
"402488","1325510",1
"402488","1578668",1
"402574","1632161",1
"403698","1569302",1
"404054","1475042",1
"405021","1148682",1
"405021","1349218",1
"405021","1351765",1
"405021","1647178",1
"405021","1647664",1
"405809","1591215",1
"405813","977547",1
"407916","1599563",1
"408786","1642172",1
"409010","1578668",1
"410858","1592244",1
"410868","1080908",1
"411559","1069906",3
"411559","1300126",1
"411559","1485175",2
"412104","1622750",2
"41218","1505118",1
"413634","1044261",1
"413634","1516709",1
"413634","1573663",1
"413634","1611818",1
"41445","439590",1
"414707","1578850",1
"414774","1645273",4
"414774","1664049",3
"415921","1561769",1
"416315","1533931",1
"416851","1394515",1
"416851","1401580",1
"417716","621761",1
"418146","1028724",1
"418146","1512431",1
"418212","1124809",1
"418212","898642",1
"418279","1680105",1
"418631","1307223",1
"420684","1244222",1
"42480","1022111",8
"42480","1022114",9
"42480","1022121",7
"42480","1028682",1
"42480","1028849",5
"42480","1148682",1
"42480","1291853",1
"42480","1437204",1
"42480","1580225",1
"42480","1588296",1
"425153","1292594",1
"426288","1323853",1
"426568","905661",1
"426704","1485175",1
"426704","1548437",1
"42707","1369681",1
"42707","1456753",2
"42707","1546904",1
"42753","1578668",1
"428134","1287160",1
"428134","1287181",1
"428134","1646932",1
"430557","1545391",1
"431037","1245382",1
"431242","1542897",1
"431266","1009224",3
"431266","1112064",1
"431266","1267446",1
"431266","1615224",2
"431472","1318253",1
"431480","1331317",1
"432033","1581555",2
"432137","1351612",1
"432562","1356817",1
"433651","1531942",1
"433651","1545103",2
"434111","1633436",1
"434480","1639828",1
"434782","1261193",1
"435055","1023021",1
"435055","1642070",1
"435174","1507930",2
"435820","1121003",1
"435824","1121003",1
"436066","1156685",1
"436066","1256380",1
"43702","1578668",1
"437133","1265529",2
"437133","1270637",1
"437133","1334382",1
"437133","1345846",1
"437133","1346934",1
"437133","1431584",1
"437133","1472068",1
"437133","989984",1
"437426","1088202",2
"437426","1127871",1
"43780","1649894",1
"438062","1548437",1
"438606","1349218",1
"439564","1367828",1
"439564","1667351",1
"439573","1483790",2
"439573","1622750",1
"439658","1727699",1
"439658","1728960",1
"439658","1728974",1
"440142","1112064",1
"440142","1267446",6
"440142","1437002",1
"44153","1485175",1
"44153","1548437",1
"441808","1138630",1
"442324","1572042",1
"44300","1369681",1
"44300","1522367",1
"44300","913053",1
"44300","953354",1
"443209","1353803",1
"445477","1122723",1
"445477","1156757",1
"44551","1306733",1
"44551","1615224",1
"44551","1719707",1
"44552","1306733",2
"445620","1533931",1
"446052","1274732",2
"446052","1308454",2
"447577","1339863",1
"447651","1307223",1
"447875","1667463",1
"448189","1082870",1
"449598","1369681",1
"44973","1127871",1
"44973","931007",1
"450188","1574162",1
"450192","1533931",1
"450502","1619359",1
"450862","1022367",1
"45121","225784",1
"451433","1533931",2
"45245","1082743",1
"45245","1513737",1
"45245","842475",1
"453088","1264883",1
"453088","1296733",1
"453088","1349357",5
"453088","1354677",1
"453088","1392211",1
"453088","1501144",2
"453088","1507291",1
"453088","1561229",1
"453088","1574342",1
"453088","1619819",1
"453088","1625829",7
"453088","1670930",2
"453088","1684720",1
"45380","1507930",1
"454290","1120065",1
"45442","1331317",1
"45442","1346934",2
"45442","1437002",1
"454838","1572042",1
"455319","1140333",2
"455749","1531942",1
"455978","1311720",1
"455978","1554886",1
"455978","1566820",1
"455978","1615375",1
"455978","1662434",1
"456087","1520105",1
"456803","808324",1
"457773","1150865",1
"458079","1302488",1
"458089","1578850",1
"458326","1369681",2
"458938","1449042",1
"459724","1692167",2
"460368","1157217",1
"462182","1120810",1
"462182","1202882",1
"462547","1579090",1
"462547","1580265",1
"463194","1516048",1
"463194","1516062",1
"463194","1517896",1
"463194","1517930",1
"463194","1519666",2
"463194","1522882",1
"463194","1522927",2
"463194","1526230",1
"463194","1528722",1
"463194","1529051",1
"463216","1648969",1
"464310","924278",1
"464921","1331317",2
"464921","1372214",1
"465","978773",1
"465299","1029317",1
"465299","1371832",1
"465299","1693876",1
"46645","1507930",1
"466625","1432425",1
"466937","1330243",1
"466937","1653511",1
"467081","1691380",1
"46787","1462000",1
"46787","1516230",1
"46787","1518754",1
"46867","1705749",1
"468755","1643125",1
"468918","1433671",1
"469177","1533931",2
"469730","1502801",2
"469919","1133550",1
"469919","1359801",1
"47087","1623967",1
"471689","1009224",2
"471689","1437002",1
"47243","1531477",1
"472538","1347945",1
"473884","1695391",1
"47441","1130262",1
"47571","1477247",1
"475919","1260047",2
"476025","900216",1
"476025","903821",1
"476025","958469",1
"476798","1545391",1
"476960","1292585",1
"47707","1722792",1
"477476","1315926",1
"47780","1533931",1
"478011","1080607",1
"478011","1080662",1
"478011","939610",1
"47903","1435575",1
"47903","1436488",1
"47903","1437967",1
"47903","1475042",1
"479347","1157216",1
"47938","1256380",1
"47938","1264883",2
"47938","1296733",2
"47938","1306733",1
"47938","1311622",2
"47938","1349357",2
"47938","1354677",1
"47938","1470945",1
"47938","1501144",2
"47938","1507291",2
"47938","1526872",1
"47938","1543482",2
"47938","1561229",2
"47938","1574342",2
"47938","1583985",1
"47938","1594764",2
"47938","1619819",2
"47938","1625829",1
"47938","1670930",2
"47938","1718548",1
"48053","1366247",3
"48063","1615224",1
"481396","1649643",2
"48141","1484316",1
"482100","1000394",1
"482169","1531626",1
"48283","1687881",1
"48283","1690595",1
"482957","1212661",1
"48296","1691824",1
"483508","1317086",1
"484712","1644142",1
"485205","1302488",1
"485773","958040",1
"48596","1443400",1
"486027","1544463",1
"486789","1112064",1
"486789","1267446",2
"486858","1531477",1
"487519","1022114",1
"487519","1437204",1
"487519","1580225",1
"487520","1022111",4
"487520","1022114",2
"487520","1028849",2
"487520","1437204",1
"487520","1580225",1
"487863","1062044",1
"487950","743584",1
"488","1578668",1
"489788","1433513",1
"490070","1486391",1
"491678","1023021",1
"492071","1317086",3
"492087","1556555",1
"492322","1261343",1
"492639","925719",1
"492673","1162025",1
"493741","1578850",1
"493762","1300126",2
"493785","1262248",1
"49429","1556555",1
"494942","1615648",1
"495010","1573436",1
"495752","1099180",7
"495752","1259950",2
"495752","1264883",6
"495752","1292164",2
"495752","1292446",2
"495752","1296733",1
"495752","1334382",1
"495752","1354677",1
"495752","1396754",1
"495752","1507291",5
"495752","1510398",1
"495752","1538022",1
"495752","1542897",2
"495752","1574342",1
"496059","1285781",1
"496059","1549804",1
"496059","950428",1
"49680","1318253",1
"497305","1062050",1
"49732","1578481",1
"498181","1642196",1
"49895","1096057",1
"49895","1135211",1
"49895","1499663",1
"49895","1615496",1
"499289","1696312",1
"499709","947151",1
"50000","1329330",1
"50000","1331317",1
"50000","1372214",1
"500095","1235742",2
"500095","1402265",1
"500095","997485",1
"500200","1542107",1
"501038","1269930",1
"501654","1580809",1
"501800","1120845",1
"50285","1069906",1
"50285","1300126",1
"50323","1548967",1
"50323","1548969",1
"503730","1450569",1
"503730","1644017",1
"50380","1296023",1
"50380","1692537",1
"503811","1449856",1
"505594","1156724",1
"50700","1533931",2
"507345","1711582",1
"50796","1556550",1
"508790","1330243",1
"508790","1353803",1
"508791","1609452",1
"509267","1531942",1
"50935","1431070",2
"509406","1661963",1
"510012","1503427",2
"510221","1113262",1
"510221","1324584",1
"510356","1627695",1
"510955","1268322",1
"510955","1308454",1
"510955","1328628",1
"510955","1622823",1
"510999","1578668",1
"511410","1450518",1
"511670","1369831",1
"512279","1525681",2
"512971","1457040",1
"513752","1615955",2
"514320","1162275",1
"514320","1359869",1
"514946","1636377",1
"515315","1120845",3
"515315","1127052",1
"515315","1427590",1
"51598","226932",1
"51598","722489",1
"51643","1572042",1
"51644","1572042",1
"516849","1114154",1
"517591","1480291",2
"518280","1127052",9
"518280","1427590",7
"518367","1558202",1
"518759","1157225",1
"518770","1127052",2
"518770","1427590",1
"518812","951934",1
"519941","1628765",1
"519947","1437526",1
"520540","1437002",1
"520540","1531942",2
"520540","1545391",2
"520540","1572441",2
"520540","1582647",1
"520540","1594870",2
"521461","1545103",1
"521461","1553005",2
"522295","1695234",1
"522625","1395679",1
"522625","1573663",1
"522647","1120810",2
"522647","1265529",1
"522647","1293005",1
"522647","1334382",1
"522647","1396754",2
"522647","1561229",1
"522647","1666977",1
"522682","1580402",1
"522704","1270865",1
"522704","1270903",1
"522704","1330243",1
"522749","1328628",2
"52316","1507930",1
"52330","1129237",1
"52344","1325510",3
"524297","1542699",1
"524859","1684545",1
"524983","1162526",2
"524983","1224653",1
"525529","1615693",1
"526500","1533931",1
"526506","1311597",1
"529123","1565292",1
"529723","1016883",1
"530154","1236342",1
"530993","1502987",1
"530993","1502989",1
"530993","1502994",1
"532714","1579773",2
"532843","1503923",1
"532843","1585800",1
"534841","1668687",1
"53555","1475042",1
"535998","1707946",1
"537209","1546344",1
"537254","1148415",1
"537254","1525272",1
"537254","1561229",1
"537254","1574342",1
"537254","1583985",2
"537602","1162526",1
"537602","1224653",2
"537602","1559840",1
"537602","1559880",1
"537602","902806",1
"537751","1549669",1
"538742","1526677",1
"539102","1531942",1
"539102","1703426",1
"539731","1431070",3
"539738","1134123",1
"541061","1622805",1
"54135","1577167",1
"541668","1611546",1
"541668","1611548",1
"541668","1611560",1
"543322","1656598",1
"543325","1651979",1
"543396","1270623",1
"543414","1265529",1
"543414","1270637",1
"543414","1334382",1
"543414","1472068",1
"544246","873147",1
"545624","1130219",1
"54595","1555492",1
"546230","1155920",1
"548644","1149875",1
"548644","1155678",1
"548644","1619502",1
"548914","1591065",2
"549727","1551962",1
"549727","1551963",1
"549727","1551968",1
"549727","1551969",1
"549727","1594858",1
"549727","1633912",1
"549834","1167783",1
"550082","1592244",1
"550582","1632873",1
"55273","1632873",2
"553959","1559910",1
"556080","1603679",1
"556088","1298547",1
"556403","1487663",1
"55641","1465214",1
"557106","1223727",2
"557106","1256380",6
"557106","1286624",1
"557106","1354677",2
"557106","1392211",1
"557106","1398462",2
"557106","1404574",2
"557106","1526872",2
"557106","1659824",1
"557197","1292059",1
"557197","1298939",1
"557992","998031",1
"558093","1083387",1
"558093","1083391",1
"558093","1257942",1
"558093","1696112",1
"558093","1696155",1
"558721","1579906",1
"55977","1580219",1
"55977","1622823",1
"560489","1475087",1
"56060","1004423",2
"560669","1261194",1
"56098","1581689",1
"56125","1030045",2
"56125","1148682",2
"56125","1167783",2
"56125","1245270",2
"56125","1291571",1
"56125","1292059",1
"56125","935319",1
"56125","976864",1
"562689","898642",1
"563829","870628",1
"563829","937083",1
"563830","870628",1
"563830","937083",1
"563939","1705495",1
"56460","1475042",2
"564939","1322486",3
"564939","1449505",2
"564939","1641803",1
"565608","1520105",1
"56608","1112064",4
"56608","1117613",5
"56608","1267446",6
"56608","1437002",1
"566177","1676865",2
"568522","1475042",1
"568731","1594386",1
"568955","1672555",1
"569172","1023988",1
"569172","1153428",1
"569178","1449387",1
"569178","1513737",1
"569178","1615764",1
"569455","1114117",1
"569465","1451596",1
"569493","1264883",1
"569512","1531477",1
"571036","1321034",1
"572446","1533931",1
"572687","1699208",1
"573369","1663959",1
"573672","1545103",1
"573672","1553005",2
"573930","915663",1
"574978","1011230",2
"574978","876962",1
"574980","876962",1
"574982","1011230",1
"574982","876962",1
"574984","1011230",1
"574984","876962",1
"574985","876962",1
"575558","1483790",1
"575760","1536497",1
"575760","1574814",1
"575760","1574817",1
"575917","1149367",1
"576037","1677307",1
"576870","1510207",1
"577667","1700344",1
"578113","1500663",1
"578998","1531703",2
"579095","1148284",1
"579095","1626026",1
"579219","901775",1
"579301","1578850",1
"579709","1443769",2
"579709","1485175",1
"579709","1701486",1
"580185","1695730",1
"580239","1578668",1
"580803","1496680",1
"580803","1512480",1
"581059","1129467",1
"58114","902373",1
"582100","1646075",1
"582100","1683523",1
"582374","1477247",1
"582530","1099988",1
"582820","1657892",2
"58438","1313020",1
"58480","938371",1
"585187","1303514",1
"58675","1318253",1
"588131","1476518",1
"588514","1019862",1
"588514","1019863",1
"588514","1155789",1
"589402","1526872",1
"589402","1549807",2
"589775","1507930",1
"590812","1235742",2
"590860","1701863",1
"590860","1701891",1
"591612","1336282",1
"592497","1578481",1
"592602","1693772",1
"593265","1403091",1
"594823","1673550",1
"595692","1308168",1
"599006","1277529",1
"599006","1277583",11
"599006","1291571",10
"599006","1292059",11
"599006","1292116",9
"599006","1292164",7
"599006","1292604",1
"599006","1460938",2
"599006","1485056",1
"599006","1485175",4
"599006","1485251",1
"599006","1485844",1
"599006","1701486",1
"599492","913053",1
"59982","1578850",1
"600816","1030117",2
"600816","1130262",1
"600940","1361943",1
"602152","1318253",1
"604490","1398462",2
"604523","1657892",1
"60508","1582647",2
"60530","1552174",1
"60530","1552176",1
"605390","1490701",1
"605390","1490747",1
"607476","1272023",1
"607476","1424408",1
"607476","1689153",1
"607904","1691822",1
"609656","1089160",1
"609833","1542699",1
"611774","1330243",3
"612711","1286893",1
"613754","1245682",1
"615622","1711235",1
"616080","1708022",1
"618200","1545391",1
"618200","1546235",1
"621884","1658923",1
"621899","1025857",1
"622819","1263579",1
"622819","1263624",1
"623296","1270737",1
"623377","1202882",1
"623498","1127984",1
"623866","1633563",1
"624412","1154025",1
"624412","1274332",1
"624412","1497033",1
"625459","1266969",1
"625459","1266970",1
"625600","1344491",1
"625600","1349281",1
"625600","1689616",1
"626066","1282197",1
"628176","1331317",2
"628654","901775",1
"628661","901775",1
"628662","901775",1
"629091","1621057",1
"63048","1533931",1
"632385","1450542",1
"632385","975158",1
"63368","1572042",1
"633741","1329244",1
"634010","1534591",1
"634010","1534620",1
"634202","1324555",2
"634711","1632162",1
"634776","1458825",1
"634888","1318253",1
"634905","1627998",1
"634962","1125846",1
"634962","1198762",1
"634962","1228342",1
"634962","1404574",2
"634987","1083387",1
"635275","1458822",1
"635281","905661",1
"635316","1008024",1
"635316","1531753",1
"635316","1531762",1
"635316","1586831",1
"636026","1397210",1
"636196","1591033",1
"637792","1119171",1
"638176","907196",1
"638180","907201",1
"638308","1200862",1
"638308","1437878",1
"638380","1582647",8
"63865","1546904",1
"63865","1577167",2
"638855","1461099",1
"639212","1096057",1
"639212","1135211",1
"639212","1499663",1
"639212","1615496",1
"640303","1065950",1
"640389","1716629",1
"640389","1716674",1
"641077","1547773",1
"64108","1298646",1
"64108","1475042",1
"64108","1612404",1
"641548","1572441",2
"642435","1715227",1
"643134","1202882",1
"643135","1202882",1
"643937","1360981",2
"643937","1648631",1
"643937","1649170",1
"643937","1649171",1
"643937","1649172",1
"64418","1643267",1
"645904","912736",1
"646415","1649643",1
"646564","1489615",1
"646564","1711448",1
"646783","1080908",1
"646783","1080947",1
"646882","1302488",1
"647124","913733",1
"647124","913742",1
"647124","930573",1
"647985","1141525",1
"648464","1093468",1
"649137","1308454",2
"649137","1328628",2
"649202","1576346",1
"649251","915731",1
"649253","1157218",1
"649253","1260416",1
"649253","1456594",1
"649253","1502801",1
"649253","1591065",1
"649257","915738",1
"649263","1157207",1
"649277","1576343",1
"649284","1157193",1
"649295","1551487",1
"649295","1593655",1
"649299","1575972",1
"649861","1099442",1
"649958","1564627",1
"649997","916215",1
"650002","916231",1
"650006","916239",1
"650007","916240",1
"65102","1578850",1
"651643","917441",1
"652307","1088202",5
"652307","1127871",5
"652307","1162526",1
"652307","1167783",2
"652307","1224653",2
"652307","1271772",1
"652307","1271773",1
"652307","1271775",1
"652596","1280218",7
"652688","918042",1
"653129","1711609",1
"653145","1693974",2
"654567","1449145",1
"654567","1531915",1
"654567","1531942",1
"65568","1311622",2
"65568","1369681",2
"65568","1578668",1
"655976","1260047",1
"655981","1503427",2
"656164","1623682",1
"656164","1627346",2
"656574","1130262",1
"656901","1593269",2
"657171","953354",1
"658415","1302488",2
"659056","1647796",1
"659080","1545103",1
"659080","1594870",1
"659209","1449352",1
"659437","1427590",2
"660602","1148284",2
"662663","1147342",1
"662663","1296733",1
"662672","1437002",1
"662699","1590345",1
"664208","1296023",1
"664208","1692537",1
"664935","1472068",1
"666236","1159125",1
"666236","1485175",2
"667557","1346910",1
"669986","1360981",2
"670050","1580349",1
"670462","1567534",1
"671085","1516048",14
"671085","1516062",14
"671085","1517405",14
"671085","1517896",14
"671085","1517919",14
"671085","1517930",14
"671085","1518965",14
"671085","1519666",14
"671085","1522882",14
"671085","1522927",14
"671085","1523850",2
"671085","1525149",14
"671085","1526230",14
"671085","1528722",14
"671085","1529051",14
"671085","1552861",14
"671085","1570354",14
"671085","1574330",14
"671085","1616936",1
"671085","1622544",1
"671085","1634404",1
"671085","1649180",1
"671085","1691380",1
"671085","1692167",1
"673308","1138673",1
"673337","1550336",1
"677127","1330243",1
"677215","1300126",1
"677218","1402403",1
"677218","1728667",1
"680318","1550510",1
"680654","1684034",1
"680833","1261194",1
"680833","1336045",1
"681848","1347700",1
"682435","932514",1
"682798","1293000",1
"682798","1301721",1
"682994","1565464",1
"682994","1565465",1
"682994","1565467",1
"682994","1565472",1
"682994","1565478",1
"682994","1566782",1
"682994","1566786",1
"683534","1469203",1
"684673","1639855",1
"68608","1099180",1
"687158","1594870",1
"687159","1684382",2
"688955","1261194",2
"688955","1512817",1
"688955","1529184",1
"689143","1533931",2
"691827","1111768",1
"692329","1224653",1
"693006","1438062",1
"693405","1006805",1
"693405","1092933",1
"693708","1597795",1
"694258","1582647",2
"695830","1640191",1
"695830","1640197",1
"695830","1640223",1
"695830","1640248",1
"695830","1651095",1
"695830","1673556",1
"695830","1673559",1
"695830","1673582",1
"695830","1681496",1
"695830","1707713",1
"699280","984686",1
"700369","1347700",1
"701993","1349631",1
"701993","1425543",1
"701993","1488290",1
"702168","1706280",1
"702559","1436584",2
"702713","1392211",1
"702904","1585445",1
"703904","1711582",1
"704189","1156303",3
"704189","1263300",8
"704585","1545103",1
"704588","937085",1
"705530","1642174",1
"706881","1668423",2
"710391","1567082",1
"710980","1090362",1
"711677","1267654",1
"71317","1374162",8
"71317","1374164",7
"714908","1726952",1
"715806","1714828",1
"716179","1515204",1
"718088","1569313",1
"718088","1623682",1
"72067","1580293",1
"720875","1423726",1
"721161","1437101",1
"721161","1567996",1
"722235","1313736",1
"722235","1553624",1
"724312","1580294",1
"72464","1546904",1
"725234","940839",1
"725441","1080947",1
"725447","1641439",1
"725778","1543793",1
"726071","1663959",1
"726603","1304626",1
"72668","1369681",1
"727197","1451646",2
"727719","1489183",1
"727719","1504369",1
"727719","1531895",1
"727719","1597529",1
"727719","1603676",1
"727719","1623573",1
"727719","1649876",1
"727719","1672966",1
"727719","1687476",1
"727719","1700867",1
"728527","1081485",1
"728527","1088250",1
"728527","1125822",1
"728527","1248662",1
"728694","1472349",1
"730307","1265529",1
"730307","1472068",2
"730703","1572113",1
"730915","1065913",1
"731088","1644255",1
"732455","996531",1
"733426","1073982",1
"733646","1697982",1
"735733","1450585",1
"735733","1641730",1
"735733","1643158",1
"735878","1528198",1
"736141","1586963",1
"736816","1108552",2
"736816","1265524",1
"736816","1265529",3
"736816","1266047",1
"736816","1270637",3
"736816","1334382",3
"736816","1472068",1
"736816","1594764",1
"736816","1600250",1
"736816","1619282",1
"736816","1724892",1
"736870","1575973",1
"736870","1682632",1
"73689","1267446",1
"73689","1312082",2
"73689","1328628",1
"738098","1086012",1
"739376","977776",1
"739776","1550985",1
"740036","1322486",2
"740036","1449505",2
"740809","1543106",1
"743570","1623682",1
"743853","1346967",1
"745646","1646322",1
"74639","1318253",2
"746620","1580219",3
"746620","1581555",1
"74923","1462000",1
"74937","1552176",1
"752142","1396754",1
"753213","1486066",1
"753921","1724589",1
"75448","226932",1
"754954","1127871",2
"754975","1557596",1
"75627","1547695",1
"75627","1547940",1
"75633","1542702",1
"757354","1690029",1
"758000","1580261",1
"758153","1302488",1
"758196","1131146",1
"75834","1676414",2
"75848","924490",1
"758560","1594870",1
"759625","1108552",2
"759625","1265529",3
"759625","1270637",3
"759625","1334382",3
"759625","1360981",2
"759625","1472068",3
"759625","1699766",1
"761506","1714238",1
"763685","1163046",1
"763685","1468777",1
"764644","1554065",1
"766425","1548437",1
"766703","1092127",1
"766703","1514435",1
"767542","1259698",1
"767572","1285999",1
"773293","1155671",1
"773875","1716588",1
"774747","1666493",1
"776825","1558950",1
"779803","1285055",1
"779803","1285185",1
"779803","1285367",1
"779803","1286945",1
"779803","1287241",1
"779803","1288629",1
"779803","1561207",1
"779803","1628310",1
"782003","1720108",1
"782146","1525280",1
"782309","1470800",1
"782865","1016011",1
"782865","1148682",1
"782865","1264911",1
"782865","1269982",1
"782865","1726316",1
"782865","1729749",1
"782865","976864",6
"786319","1574547",1
"786319","1574548",1
"786874","1495316",1
"786892","1120810",1
"786892","1619766",1
"788468","1312082",2
"788481","1016011",1
"788481","1148682",1
"788481","976864",2
"788484","1016011",1
"789382","1122406",1
"789383","1225002",1
"789383","1405210",1
"791842","1270717",1
"791913","1678008",1
"793","1003337",1
"793486","979662",1
"794175","1554653",1
"794437","1127052",1
"794437","1427590",1
"796374","1011230",2
"796374","876962",2
"796613","1573494",1
"797751","1299623",1
"798000","1642623",1
"798091","1011230",1
"798091","876962",1
"799839","1317720",1
"80028","1623682",2
"802838","1360981",1
"802928","1159677",1
"802928","1307666",1
"802928","1705508",1
"803828","1313020",1
"803849","984057",1
"805483","976864",1
"80958","1542307",1
"810618","1162526",2
"810618","1224653",2
"811356","1582647",2
"81175","1154561",1
"812464","1223727",2
"812464","1256380",3
"812464","1274963",1
"812464","1354677",2
"812464","1392211",1
"812464","1398462",2
"812464","1404574",2
"812464","1526872",2
"812710","1458824",1
"81453","1577167",1
"81536","1361445",1
"816804","1070289",1
"816995","1438662",1
"816995","1522322",1
"819582","1585524",1
"819769","1615693",1
"820247","1267446",1
"820349","1121403",1
"821035","1030117",1
"821035","1130262",2
"821035","1678765",1
"821584","1661713",1
"821888","1176188",1
"821888","1289565",1
"821888","1574071",1
"822427","1500664",1
"82268","1546235",1
"823849","1555507",1
"824204","1507930",1
"824376","1472552",2
"825054","1437526",2
"825054","1548760",1
"825054","1548763",1
"825651","1263682",2
"827354","1437442",1
"827882","1677506",1
"827918","1082870",1
"82848","1346360",1
"82848","1431070",2
"82848","1502801",1
"82848","1507291",2
"82848","1542897",1
"82848","1577780",2
"82848","1581555",1
"82848","1616255",3
"828597","1562105",1
"82885","1346360",12
"82885","1502801",2
"82885","1594870",1
"82885","1684382",2
"828905","1104176",1
"830720","1157219",1
"831971","1520105",1
"832793","1306733",2
"832793","1311622",2
"832793","1628304",1
"833153","1016890",1
"833403","1279536",1
"833403","1394515",1
"833403","1401580",1
"833659","1621502",1
"833659","1621505",1
"833659","1621507",1
"833659","1621509",1
"833659","1621510",1
"833659","1621511",1
"833659","1621514",1
"833659","1688272",1
"833659","1690242",1
"835394","1336928",1
"83599","1567223",1
"83599","1569098",1
"83599","1569100",1
"83599","912736",1
"836281","1576082",1
"836464","1553015",1
"83651","1167783",2
"83682","1103304",1
"837177","1395007",3
"837177","1395009",3
"837288","1638214",1
"83741","1611731",1
"83784","1292446",1
"838156","1020877",1
"83974","1259950",1
"840488","1523850",1
"841782","1649093",1
"843054","1449105",1
"843155","1690454",2
"844810","1028724",1
"846537","1658695",1
"847253","1555497",1
"847316","1008589",1
"847769","1010522",1
"847777","1005659",1
"847777","1005663",1
"847777","1005668",1
"847777","1005671",1
"847777","1005673",1
"847777","1006068",1
"847777","1144788",1
"847778","1141435",1
"847778","1449293",1
"847778","1450558",1
"849468","1711582",1
"849860","1643928",1
"850441","1266790",1
"851545","1044261",2
"851545","1256380",1
"851545","1472068",1
"852189","1612882",2
"853006","1124328",1
"853579","1450526",1
"853579","1661963",1
"853606","1138345",1
"853606","1324531",1
"853606","1728482",1
"855481","1011230",2
"855481","876962",2
"855610","1450586",1
"855610","1588298",1
"855610","1641312",1
"855931","1449361",1
"856567","1479967",1
"856697","1129232",1
"856697","1129282",1
"856697","1333154",1
"856939","1070289",1
"857342","1451646",2
"857574","1014212",1
"857574","1120826",1
"857574","1120832",1
"857574","1235742",1
"857883","1265529",1
"857883","1270637",2
"857883","1334382",1
"85896","1353803",1
"85914","1267446",1
"85914","1308454",2
"85914","1328628",4
"85914","1346934",2
"85914","1615224",2
"85914","1699215",1
"860864","1328334",1
"861568","1450515",1
"862182","1065986",1
"862300","1330243",1
"862300","1353803",2
"86290","1594870",2
"863683","1529311",1
"863765","1013423",1
"864348","1014007",1
"864671","1014007",1
"865096","1507930",2
"865259","1726642",1
"865259","1726644",1
"865259","1727065",1
"865292","1493557",1
"865574","1475042",2
"866777","1260035",1
"866911","1549467",1
"866955","1450489",1
"867436","1639855",1
"867446","1555686",1
"869163","1015732",1
"871130","1531703",3
"871130","1531708",3
"872269","1514265",1
"873275","1139028",1
"873275","1167783",1
"873275","1238211",1
"873275","1711977",1
"875477","1083729",1
"875477","1083736",1
"875919","1150922",1
"876795","1019087",1
"877338","1558531",1
"877499","1096047",1
"878112","1357525",1
"878770","1147674",1
"878955","1575012",1
"87979","1578850",2
"879868","1335744",1
"879868","1543267",3
"879868","1564753",1
"879868","1564795",1
"879868","1709236",1
"880397","1069906",1
"880444","1022367",1
"880444","1077277",1
"880447","1022367",1
"880482","1450547",1
"880482","1450585",1
"880482","1642314",1
"88071","1572042",1
"880750","1642923",1
"88097","1502801",1
"881168","1318253",2
"881795","1516581",1
"881795","1642577",1
"881795","1644398",1
"881795","1676551",1
"881795","1676553",1
"881795","1676555",1
"881795","1676556",1
"881795","1676788",1
"881795","1679042",1
"882036","1296667",1
"882442","1551207",1
"882442","1587974",1
"88250","1332403",2
"882722","1634046",1
"883396","1022207",1
"884593","1148215",1
"88471","1485175",1
"88471","1581555",3
"884740","1108238",1
"887259","1450560",1
"887259","1642805",1
"887267","1449310",1
"887267","1669320",1
"887299","1507178",1
"887299","1612003",1
"887398","1278007",1
"887398","1323045",1
"887398","1324174",1
"887398","1450556",1
"887398","1642124",1
"887398","1659804",1
"887442","1574533",1
"887442","1708051",1
"888118","1672062",1
"888338","1025901",1
"88850","1573449",1
"888867","1117204",1
"889548","1331431",1
"890708","1449156",1
"890930","1025846",8
"890930","1127113",1
"890930","1127117",1
"890930","1127126",5
"890930","1134267",7
"890930","1134268",5
"890930","1309404",1
"890930","1629770",1
"890930","1728412",1
"891264","1596028",1
"892061","1260017",1
"892122","1026434",1
"892424","1261192",5
"892424","1261194",3
"892424","1336045",1
"893991","1619109",1
"894546","1450560",1
"896719","1450555",1
"896719","1457748",1
"897043","1580308",1
"897308","1666849",1
"89759","1312082",1
"898254","1029345",1
"898277","1643882",1
"899185","1030657",1
"899359","1642124",1
"899359","1669320",1
"899587","1030045",1
"899976","1243663",1
"9","1531942",1
"9","1545103",2
"9","1612404",1
"90009","1500735",1
"900281","1031521",1
"901085","1323866",3
"901085","1348043",1
"901321","1661762",1
"901326","1030657",1
"901813","1415949",1
"902975","1594984",1
"90344","1250222",1
"903824","1031521",1
"90394","1261343",2
"904600","1318253",1
"905161","1366710",2
"905161","1392211",1
"905210","1044261",2
"907973","1130262",1
"908087","1026434",1
"908130","1069906",2
"908130","1300126",1
"908130","1485175",2
"908993","1692167",1
"90968","1549807",1
"909897","1666902",1
"910035","1653649",1
"910083","1328711",1
"910083","1331307",1
"91033","1565268",1
"911708","1299727",1
"912089","1062016",1
"912102","1062045",1
"912103","1062046",1
"912104","1062047",1
"912105","1062048",1
"912106","1062049",1
"912107","1062051",1
"912110","1062060",1
"912129","1288821",1
"912300","1652549",1
"912302","1652549",1
"912750","1065831",1
"912751","1065834",1
"912752","1065836",1
"912754","1065838",1
"912826","1580955",1
"912831","1065913",1
"912832","1065913",1
"912833","1065913",1
"912836","1065915",1
"912837","1065915",1
"912856","1065950",1
"912949","1450572",1
"912950","1066026",1
"912951","1066026",1
"912951","1643267",1
"912952","1066026",1
"912981","1691843",1
"913714","1684382",1
"91430","1296023",1
"91430","1367828",1
"91430","1533194",1
"91430","1667351",1
"91430","1692537",1
"91430","729006",1
"91430","878544",1
"914658","1121322",1
"914658","1369702",1
"915350","1452036",1
"915350","1669745",1
"915372","1070285",1
"915374","1070287",1
"915375","1070289",1
"915376","1070290",1
"915377","1070291",1
"915472","1686766",1
"915920","1556166",1
"916098","1699028",1
"91619","1318253",1
"91619","1714529",1
"91672","1550952",1
"91737","632603",1
"91742","1332403",2
"918694","1478305",2
"919493","1062019",1
"919705","1456288",1
"919720","1136486",1
"920523","1559840",1
"920669","1118364",1
"920669","1715845",1
"921305","1134123",2
"921305","1366708",1
"921305","1366710",1
"921305","1366717",1
"921967","1305130",1
"921967","1595585",1
"921967","1595587",1
"921969","1305130",1
"921969","1595587",1
"922559","1659819",1
"923458","1717674",1
"923736","1100063",1
"924796","1475983",1
"925498","1081417",1
"925500","1642695",1
"925501","1081417",1
"926847","1081999",1
"926877","1082030",1
"926885","1580219",2
"926889","1082036",1
"926930","1643009",1
"928043","1082870",1
"928044","1082870",1
"929195","1374376",1
"929382","1449327",1
"93037","1547790",1
"931410","1232662",2
"931417","1140333",1
"933517","1657892",1
"936873","1097223",1
"936873","1097317",1
"936873","1098479",1
"936873","1099442",1
"936873","1099986",1
"936873","1104435",1
"936873","1104748",1
"936873","1118795",1
"936873","1118806",1
"936873","1118844",1
"936873","1119299",1
"936873","1119324",1
"936873","1128982",1
"936873","1344906",1
"93743","1577167",1
"937856","1719138",1
"937856","1723285",1
"937856","1723287",1
"937856","1723304",1
"939847","1089160",1
"940066","1162546",1
"94010","1572042",1
"940347","1312082",1
"94039","1369681",2
"940660","1580418",1
"94072","1684382",2
"941192","1467248",1
"94173","1227883",1
"942730","1613254",1
"943385","1336045",1
"943631","1348723",1
"943631","1374958",1
"945733","1584282",1
"94607","1082870",1
"94607","1083729",1
"94607","1083736",1
"946981","1099427",1
"947139","1097317",1
"947139","1099986",1
"947139","1104435",1
"947139","1118795",1
"947139","1118806",1
"947139","1118844",1
"947139","1119299",1
"947139","1119324",1
"948595","1366985",12
"948595","1456594",2
"949245","1450519",1
"94982","1126509",1
"94982","1126584",1
"94982","1285448",1
"94982","1365941",1
"94983","1293304",7
"94983","1503427",2
"94983","1543482",2
"94983","1559880",2
"94983","1577324",2
"952842","1552176",1
"953051","1147303",1
"953175","1261144",1
"953175","1261145",1
"953280","1546899",2
"953280","1546904",4
"953280","1546906",1
"953292","1546905",1
"953298","1556113",1
"954244","1555494",1
"955170","1331317",1
"955170","1345353",2
"955209","1611898",1
"955209","1612404",1
"955295","1602402",1
"955823","1375524",1
"955823","1376316",1
"955823","1417453",1
"955823","1636360",1
"956156","1680105",1
"957117","1632164",1
"957215","1692822",1
"957217","1157224",1
"957217","1609231",1
"957217","1618682",1
"957222","1576344",1
"958071","1663054",1
"958071","1689897",1
"958342","1357928",1
"958342","1357931",1
"958342","1358136",1
"958342","1559639",1
"961760","1618248",1
"962022","1100063",1
"963647","1302488",2
"964895","1580440",1
"966347","1634655",1
"966676","1104176",1
"967250","1452252",1
"967341","1724748",1
"967778","1595952",1
"968148","1104748",1
"96828","1328628",1
"96842","1594858",1
"968672","1483103",1
"968966","1424227",1
"970869","1723387",1
"970869","1723423",1
"977344","1591069",1
"977370","1108552",1
"977370","1108587",1
"977370","1270637",1
"977466","1507930",1
"977604","1645864",1
"977888","1346910",1
"978268","1300126",3
"978913","1475042",1
"978913","1612404",1
"97908","1594870",1
"979400","1302488",1
"979637","1112111",1
"98","1688163",1
"980242","1230908",1
"981024","1232662",1
"981024","1472552",2
"981024","1691140",1
"981302","1117613",2
"98428","1500664",1
"98428","1692963",1
"984607","1658695",1
"985793","1531691",1
"98588","1591065",2
"985898","1270989",1
"985898","1270991",1
"985956","1578850",1
"986529","1134123",1
"988094","1353803",2
"988304","1116005",1
"988304","1116041",1
"988304","1612278",1
"988304","1646627",1
"988728","1120423",1
"989767","1302488",1
"990570","1117204",1
"99219","1644255",1
"99234","902373",1
"99251","1265642",1
"993343","1331317",1
"993343","1372214",2
"994562","1136549",1
"994745","1119171",1
"996348","1120065",1
"997291","1681566",1
"997868","1120845",1
"99966","1547940",1
"999729","1346360",1
NA,"1154948",1
